00:00:3A:4A:45:3A;2016-10-07T07:39:00Z;2016-10-07T09:03:00Z;2016-10-07T09:03:00Z;2016-10-07T09:03:00Z;2016-10-07T09:03:00Z
00:00:76:97:58:76;2016-10-07T09:15:00Z;2016-10-07T09:29:00Z;2016-10-07T09:29:00Z;2016-10-07T09:29:00Z;2016-10-07T09:29:00Z
00:07:88:AA:59:12;2016-10-07T11:01:00Z;2016-10-07T11:27:00Z;2016-10-07T11:27:00Z;2016-10-07T11:27:00Z;2016-10-07T11:27:00Z
00:08:22:04:2E:3F;2016-10-07T19:43:00Z;2016-10-07T19:43:00Z;2016-10-07T19:51:00Z;2016-10-07T19:51:00Z;2016-10-07T19:51:00Z
00:08:22:29:11:4B;2016-10-07T14:08:00Z;2016-10-07T14:08:00Z;2016-10-07T15:29:00Z;2016-10-07T15:29:00Z;2016-10-07T15:29:00Z
00:08:22:3E:CB:FB;2016-10-07T18:24:00Z;2016-10-07T18:32:00Z;2016-10-07T18:32:00Z;2016-10-07T18:32:00Z;2016-10-07T18:32:00Z
00:08:22:40:E7:FB;2016-10-07T19:20:00Z;2016-10-07T19:20:00Z;2016-10-07T19:56:00Z;2016-10-07T19:56:00Z;2016-10-07T19:56:00Z
00:08:22:5B:0A:07;2016-10-07T09:49:00Z;2016-10-07T09:57:00Z;2016-10-07T09:57:00Z;2016-10-07T09:57:00Z;2016-10-07T09:57:00Z
00:08:22:9E:6A:FC;2016-10-07T21:26:00Z;2016-10-07T21:26:00Z;2016-10-07T22:12:00Z;2016-10-07T22:12:00Z;2016-10-07T22:12:00Z
00:0A:F5:8A:DE:AC;2016-10-07T08:49:00Z;2016-10-07T08:49:00Z;2016-10-07T08:51:00Z;2016-10-07T10:15:00Z;2016-10-07T10:19:00Z
00:12:22:FA:10:17;2016-10-07T20:36:00Z;2016-10-07T20:50:00Z;2016-10-07T20:53:00Z;2016-10-07T21:26:00Z;2016-10-07T21:26:00Z
00:18:60:77:98:CE;2016-10-07T13:06:00Z;2016-10-07T13:06:00Z;2016-10-07T13:33:00Z;2016-10-07T13:33:00Z;2016-10-07T13:33:00Z
00:1A:13:4B:BC:7C;2016-10-07T17:20:00Z;2016-10-07T18:14:00Z;2016-10-07T18:14:00Z;2016-10-07T18:14:00Z;2016-10-07T18:14:00Z
00:1F:E1:9A:E6:79;2016-10-07T08:09:00Z;2016-10-07T08:09:00Z;2016-10-07T08:20:00Z;2016-10-07T08:20:00Z;2016-10-07T08:20:00Z
00:21:19:8F:13:7E;2016-10-07T13:41:00Z;2016-10-07T14:20:00Z;2016-10-07T14:20:00Z;2016-10-07T14:20:00Z;2016-10-07T14:20:00Z
00:23:14:35:DC:9C;2016-10-07T10:04:00Z;2016-10-07T10:29:00Z;2016-10-07T10:29:00Z;2016-10-07T10:29:00Z;2016-10-07T10:29:00Z
00:25:22:3C:D4:A7;2016-10-07T20:52:00Z;2016-10-07T21:15:00Z;2016-10-07T21:15:00Z;2016-10-07T21:15:00Z;2016-10-07T21:15:00Z
00:26:18:08:2B:13;2016-10-07T10:34:00Z;2016-10-07T10:46:00Z;2016-10-07T10:46:00Z;2016-10-07T10:46:00Z;2016-10-07T10:46:00Z
00:26:18:08:2B:13;2016-10-07T14:49:00Z;2016-10-07T15:15:00Z;2016-10-07T15:15:00Z;2016-10-07T15:15:00Z;2016-10-07T15:15:00Z
00:34:DA:54:BC:50;2016-10-07T10:39:00Z;2016-10-07T10:57:00Z;2016-10-07T11:00:00Z;2016-10-07T11:00:00Z;2016-10-07T11:00:00Z
00:34:DA:56:A7:BC;2016-10-07T13:32:00Z;2016-10-07T14:54:00Z;2016-10-07T14:54:00Z;2016-10-07T14:54:00Z;2016-10-07T14:54:00Z
00:73:8D:2E:30:DB;2016-10-07T10:31:00Z;2016-10-07T10:54:00Z;2016-10-07T10:54:00Z;2016-10-07T10:54:00Z;2016-10-07T10:54:00Z
00:73:E0:8C:64:93;2016-10-07T14:33:00Z;2016-10-07T14:33:00Z;2016-10-07T15:24:00Z;2016-10-07T15:24:00Z;2016-10-07T15:24:00Z
00:90:4C:C5:12:38;2016-10-07T09:18:00Z;2016-10-07T10:01:00Z;2016-10-07T10:01:00Z;2016-10-07T10:01:00Z;2016-10-07T10:01:00Z
00:90:A2:C3:24:38;2016-10-07T13:39:00Z;2016-10-07T14:54:00Z;2016-10-07T14:54:00Z;2016-10-07T14:54:00Z;2016-10-07T14:54:00Z
00:AE:FA:74:44:F3;2016-10-07T22:52:00Z;2016-10-07T23:50:00Z;2016-10-07T23:50:00Z;2016-10-07T23:50:00Z;2016-10-07T23:50:00Z
00:AE:FA:CE:BD:06;2016-10-07T12:19:00Z;2016-10-07T12:48:00Z;2016-10-07T12:48:00Z;2016-10-07T12:48:00Z;2016-10-07T12:48:00Z
00:AE:FA:D1:99:FC;2016-10-07T07:49:00Z;2016-10-07T08:06:00Z;2016-10-07T08:06:00Z;2016-10-07T08:06:00Z;2016-10-07T08:06:00Z
00:AE:FA:E1:0A:24;2016-10-07T13:33:00Z;2016-10-07T13:33:00Z;2016-10-07T13:51:00Z;2016-10-07T13:51:00Z;2016-10-07T13:51:00Z
00:E0:4C:86:89:4E;2016-10-07T22:13:00Z;2016-10-07T23:30:00Z;2016-10-07T23:30:00Z;2016-10-07T23:30:00Z;2016-10-07T23:30:00Z
00:F8:1C:3B:B1:4B;2016-10-07T10:22:00Z;2016-10-07T10:40:00Z;2016-10-07T10:40:00Z;2016-10-07T10:40:00Z;2016-10-07T10:40:00Z
02:08:22:29:11:4B;2016-10-07T14:10:00Z;2016-10-07T14:10:00Z;2016-10-07T15:29:00Z;2016-10-07T15:29:00Z;2016-10-07T15:29:00Z
02:6A:F8:DF:A1:E1;2016-10-07T15:00:00Z;2016-10-07T15:00:00Z;2016-10-07T15:06:00Z;2016-10-07T15:06:00Z;2016-10-07T15:06:00Z
02:6C:AC:46:3F:65;2016-10-07T05:32:00Z;2016-10-07T06:32:00Z;2016-10-07T06:32:00Z;2016-10-07T06:32:00Z;2016-10-07T06:32:00Z
02:9C:C8:B4:C6:23;2016-10-07T12:31:00Z;2016-10-07T12:37:00Z;2016-10-07T12:37:00Z;2016-10-07T12:37:00Z;2016-10-07T12:37:00Z
04:02:1F:21:51:BD;2016-10-07T13:01:00Z;2016-10-07T13:24:00Z;2016-10-07T13:24:00Z;2016-10-07T13:24:00Z;2016-10-07T13:24:00Z
04:02:1F:2E:0E:7C;2016-10-07T09:17:00Z;2016-10-07T09:28:00Z;2016-10-07T09:28:00Z;2016-10-07T09:28:00Z;2016-10-07T09:28:00Z
04:02:1F:C1:FE:CE;2016-10-07T15:06:00Z;2016-10-07T15:30:00Z;2016-10-07T15:30:00Z;2016-10-07T15:30:00Z;2016-10-07T15:30:00Z
04:48:9A:BC:41:93;2016-10-07T14:05:00Z;2016-10-07T15:54:00Z;2016-10-07T15:54:00Z;2016-10-07T15:54:00Z;2016-10-07T15:54:00Z
04:54:53:A2:EC:55;2016-10-07T15:09:00Z;2016-10-07T15:10:00Z;2016-10-07T15:34:00Z;2016-10-07T15:41:00Z;2016-10-07T16:13:00Z
04:DB:56:58:2A:EF;2016-10-07T12:28:00Z;2016-10-07T14:02:00Z;2016-10-07T14:02:00Z;2016-10-07T14:02:00Z;2016-10-07T14:02:00Z
08:21:EF:67:24:95;2016-10-07T15:29:00Z;2016-10-07T15:29:00Z;2016-10-07T15:55:00Z;2016-10-07T16:00:00Z;2016-10-07T16:57:00Z
08:EC:A9:7E:90:0A;2016-10-07T14:55:00Z;2016-10-07T15:04:00Z;2016-10-07T15:04:00Z;2016-10-07T15:04:00Z;2016-10-07T15:04:00Z
08:EE:8B:58:A4:B1;2016-10-07T14:20:00Z;2016-10-07T14:20:00Z;2016-10-07T15:25:00Z;2016-10-07T15:25:00Z;2016-10-07T15:25:00Z
08:EE:8B:A5:84:6F;2016-10-07T08:43:00Z;2016-10-07T09:19:00Z;2016-10-07T09:19:00Z;2016-10-07T09:19:00Z;2016-10-07T09:19:00Z
0A:16:F3:5E:50:92;2016-10-07T14:05:00Z;2016-10-07T14:05:00Z;2016-10-07T14:13:00Z;2016-10-07T14:13:00Z;2016-10-07T14:13:00Z
0A:C6:B9:7E:34:07;2016-10-07T15:10:00Z;2016-10-07T15:10:00Z;2016-10-07T15:18:00Z;2016-10-07T15:18:00Z;2016-10-07T15:18:00Z
0C:D6:BD:28:AE:72;2016-10-07T15:59:00Z;2016-10-07T16:33:00Z;2016-10-07T16:33:00Z;2016-10-07T16:33:00Z;2016-10-07T16:33:00Z
0C:D6:BD:3B:99:47;2016-10-07T11:33:00Z;2016-10-07T11:33:00Z;2016-10-07T12:46:00Z;2016-10-07T12:46:00Z;2016-10-07T12:46:00Z
0C:D6:BD:3B:AD:E3;2016-10-07T14:03:00Z;2016-10-07T14:13:00Z;2016-10-07T14:13:00Z;2016-10-07T14:13:00Z;2016-10-07T14:13:00Z
0C:D6:BD:F4:10:3C;2016-10-07T12:17:00Z;2016-10-07T13:39:00Z;2016-10-07T13:39:00Z;2016-10-07T13:39:00Z;2016-10-07T13:39:00Z
0E:C8:92:1A:C8:7C;2016-10-07T21:31:00Z;2016-10-07T21:47:00Z;2016-10-07T21:47:00Z;2016-10-07T21:47:00Z;2016-10-07T21:47:00Z
10:2A:B3:31:9E:B6;2016-10-07T13:10:00Z;2016-10-07T14:14:00Z;2016-10-07T14:14:00Z;2016-10-07T14:14:00Z;2016-10-07T14:14:00Z
10:2A:B3:C4:6C:18;2016-10-07T08:43:00Z;2016-10-07T09:35:00Z;2016-10-07T10:14:00Z;2016-10-07T10:14:00Z;2016-10-07T10:14:00Z
10:30:47:18:94:ED;2016-10-07T14:38:00Z;2016-10-07T14:38:00Z;2016-10-07T14:56:00Z;2016-10-07T14:56:00Z;2016-10-07T14:56:00Z
10:41:7F:34:B9:93;2016-10-07T15:21:00Z;2016-10-07T16:37:00Z;2016-10-07T16:37:00Z;2016-10-07T16:37:00Z;2016-10-07T16:37:00Z
10:66:75:7B:37:71;2016-10-07T11:38:00Z;2016-10-07T11:52:00Z;2016-10-07T11:52:00Z;2016-10-07T11:52:00Z;2016-10-07T11:52:00Z
10:68:3F:79:AD:5C;2016-10-07T13:33:00Z;2016-10-07T14:14:00Z;2016-10-07T14:14:00Z;2016-10-07T14:14:00Z;2016-10-07T14:14:00Z
10:68:3F:86:26:24;2016-10-07T12:16:00Z;2016-10-07T12:16:00Z;2016-10-07T12:24:00Z;2016-10-07T14:04:00Z;2016-10-07T14:04:00Z
10:68:3F:E3:D5:FD;2016-10-07T13:19:00Z;2016-10-07T13:29:00Z;2016-10-07T13:29:00Z;2016-10-07T13:29:00Z;2016-10-07T13:29:00Z
10:A5:D0:01:2F:95;2016-10-07T12:36:00Z;2016-10-07T14:32:00Z;2016-10-07T14:32:00Z;2016-10-07T14:32:00Z;2016-10-07T14:32:00Z
10:A5:D0:57:A3:8B;2016-10-07T09:31:00Z;2016-10-07T11:21:00Z;2016-10-07T11:21:00Z;2016-10-07T11:21:00Z;2016-10-07T11:21:00Z
14:10:9F:6F:F2:6E;2016-10-07T19:56:00Z;2016-10-07T19:57:00Z;2016-10-07T20:37:00Z;2016-10-07T20:37:00Z;2016-10-07T20:37:00Z
14:5A:05:9C:5A:FB;2016-10-07T16:28:00Z;2016-10-07T17:05:00Z;2016-10-07T17:05:00Z;2016-10-07T17:05:00Z;2016-10-07T17:05:00Z
14:8F:C6:D6:FD:20;2016-10-07T10:51:00Z;2016-10-07T10:59:00Z;2016-10-07T10:59:00Z;2016-10-07T10:59:00Z;2016-10-07T10:59:00Z
14:9A:10:63:1B:74;2016-10-07T14:15:00Z;2016-10-07T15:15:00Z;2016-10-07T15:15:00Z;2016-10-07T15:15:00Z;2016-10-07T15:15:00Z
16:AA:99:A9:8C:A2;2016-10-07T16:09:00Z;2016-10-07T16:09:00Z;2016-10-07T16:20:00Z;2016-10-07T16:20:00Z;2016-10-07T16:20:00Z
16:D3:C4:37:C8:2C;2016-10-07T15:42:00Z;2016-10-07T15:42:00Z;2016-10-07T15:56:00Z;2016-10-07T15:56:00Z;2016-10-07T15:56:00Z
18:1E:B0:4E:12:68;2016-10-07T14:13:00Z;2016-10-07T14:22:00Z;2016-10-07T14:22:00Z;2016-10-07T14:22:00Z;2016-10-07T14:22:00Z
18:21:95:8B:65:75;2016-10-07T09:45:00Z;2016-10-07T11:07:00Z;2016-10-07T11:12:00Z;2016-10-07T11:24:00Z;2016-10-07T11:24:00Z
18:21:95:BC:08:3B;2016-10-07T02:50:00Z;2016-10-07T03:49:00Z;2016-10-07T03:49:00Z;2016-10-07T03:49:00Z;2016-10-07T03:49:00Z
18:26:66:13:52:F8;2016-10-07T14:42:00Z;2016-10-07T15:23:00Z;2016-10-07T15:23:00Z;2016-10-07T15:23:00Z;2016-10-07T15:23:00Z
18:3A:2D:12:60:3F;2016-10-07T14:35:00Z;2016-10-07T15:47:00Z;2016-10-07T15:47:00Z;2016-10-07T15:47:00Z;2016-10-07T15:47:00Z
18:3A:2D:5A:EB:42;2016-10-07T12:47:00Z;2016-10-07T12:47:00Z;2016-10-07T14:17:00Z;2016-10-07T14:17:00Z;2016-10-07T14:17:00Z
18:E3:BC:1C:70:B3;2016-10-07T19:05:00Z;2016-10-07T19:21:00Z;2016-10-07T19:56:00Z;2016-10-07T19:56:00Z;2016-10-07T19:56:00Z
18:E3:BC:74:6F:DC;2016-10-07T09:14:00Z;2016-10-07T09:26:00Z;2016-10-07T09:26:00Z;2016-10-07T09:26:00Z;2016-10-07T09:26:00Z
1A:E3:BC:1C:70:B3;2016-10-07T19:05:00Z;2016-10-07T19:40:00Z;2016-10-07T19:44:00Z;2016-10-07T19:56:00Z;2016-10-07T19:56:00Z
1C:56:FE:08:85:40;2016-10-07T08:50:00Z;2016-10-07T10:21:00Z;2016-10-07T10:21:00Z;2016-10-07T10:21:00Z;2016-10-07T10:21:00Z
1C:56:FE:08:85:40;2016-10-07T12:39:00Z;2016-10-07T13:04:00Z;2016-10-07T13:04:00Z;2016-10-07T13:04:00Z;2016-10-07T13:04:00Z
1C:66:AA:19:7D:3A;2016-10-07T14:15:00Z;2016-10-07T14:25:00Z;2016-10-07T15:13:00Z;2016-10-07T15:13:00Z;2016-10-07T15:13:00Z
1C:67:58:3A:D2:21;2016-10-07T14:08:00Z;2016-10-07T14:56:00Z;2016-10-07T14:56:00Z;2016-10-07T14:56:00Z;2016-10-07T14:56:00Z
1C:67:58:9E:E5:8F;2016-10-07T08:53:00Z;2016-10-07T10:38:00Z;2016-10-07T10:38:00Z;2016-10-07T10:38:00Z;2016-10-07T10:38:00Z
1C:67:58:A4:98:F3;2016-10-07T06:11:00Z;2016-10-07T06:27:00Z;2016-10-07T06:27:00Z;2016-10-07T06:27:00Z;2016-10-07T06:27:00Z
1E:4A:CE:D8:19:E8;2016-10-07T15:16:00Z;2016-10-07T15:23:00Z;2016-10-07T15:23:00Z;2016-10-07T15:23:00Z;2016-10-07T15:23:00Z
1E:D9:42:24:86:93;2016-10-07T13:14:00Z;2016-10-07T13:15:00Z;2016-10-07T13:21:00Z;2016-10-07T13:21:00Z;2016-10-07T13:21:00Z
20:02:AF:AF:D6:3A;2016-10-07T12:45:00Z;2016-10-07T14:15:00Z;2016-10-07T14:15:00Z;2016-10-07T14:15:00Z;2016-10-07T14:15:00Z
20:55:31:0D:5C:B9;2016-10-07T02:47:00Z;2016-10-07T02:58:00Z;2016-10-07T02:58:00Z;2016-10-07T02:58:00Z;2016-10-07T02:58:00Z
20:55:31:E2:69:0B;2016-10-07T18:56:00Z;2016-10-07T20:23:00Z;2016-10-07T20:23:00Z;2016-10-07T20:23:00Z;2016-10-07T20:23:00Z
20:55:31:F6:6F:54;2016-10-07T13:27:00Z;2016-10-07T13:37:00Z;2016-10-07T13:37:00Z;2016-10-07T13:37:00Z;2016-10-07T13:37:00Z
20:62:74:15:52:88;2016-10-07T12:01:00Z;2016-10-07T12:15:00Z;2016-10-07T12:15:00Z;2016-10-07T12:15:00Z;2016-10-07T12:15:00Z
20:64:32:B4:92:6D;2016-10-07T09:04:00Z;2016-10-07T09:15:00Z;2016-10-07T09:15:00Z;2016-10-07T09:15:00Z;2016-10-07T09:15:00Z
20:6E:9C:10:F4:71;2016-10-07T14:18:00Z;2016-10-07T16:00:00Z;2016-10-07T16:00:00Z;2016-10-07T16:00:00Z;2016-10-07T16:00:00Z
20:6E:9C:35:E4:77;2016-10-07T14:10:00Z;2016-10-07T15:29:00Z;2016-10-07T15:29:00Z;2016-10-07T15:29:00Z;2016-10-07T15:29:00Z
20:6E:9C:BA:B8:AD;2016-10-07T09:08:00Z;2016-10-07T10:57:00Z;2016-10-07T10:57:00Z;2016-10-07T10:57:00Z;2016-10-07T10:57:00Z
20:6E:9C:BA:B8:AD;2016-10-07T13:23:00Z;2016-10-07T14:11:00Z;2016-10-07T14:11:00Z;2016-10-07T14:11:00Z;2016-10-07T14:11:00Z
20:6E:9C:C8:A9:5D;2016-10-07T14:35:00Z;2016-10-07T14:41:00Z;2016-10-07T14:41:00Z;2016-10-07T14:41:00Z;2016-10-07T14:41:00Z
20:82:C0:20:4F:16;2016-10-07T07:09:00Z;2016-10-07T08:17:00Z;2016-10-07T08:17:00Z;2016-10-07T08:17:00Z;2016-10-07T08:17:00Z
20:82:C0:20:4F:16;2016-10-07T11:30:00Z;2016-10-07T11:30:00Z;2016-10-07T11:45:00Z;2016-10-07T11:45:00Z;2016-10-07T11:45:00Z
20:A2:E4:83:5D:B1;2016-10-07T13:50:00Z;2016-10-07T13:50:00Z;2016-10-07T14:52:00Z;2016-10-07T14:52:00Z;2016-10-07T14:52:00Z
20:A9:9B:BD:86:48;2016-10-07T12:05:00Z;2016-10-07T12:28:00Z;2016-10-07T12:28:00Z;2016-10-07T12:28:00Z;2016-10-07T12:28:00Z
20:D3:90:B6:71:17;2016-10-07T16:09:00Z;2016-10-07T16:24:00Z;2016-10-07T16:24:00Z;2016-10-07T16:24:00Z;2016-10-07T16:24:00Z
22:91:37:B8:3D:F4;2016-10-07T11:12:00Z;2016-10-07T11:13:00Z;2016-10-07T11:20:00Z;2016-10-07T11:20:00Z;2016-10-07T11:20:00Z
24:00:BA:38:52:8C;2016-10-07T22:33:00Z;2016-10-07T23:59:00Z;2016-10-07T23:59:00Z;2016-10-07T23:59:00Z;2016-10-07T23:59:00Z
24:00:BA:38:53:21;2016-10-07T09:03:00Z;2016-10-07T09:36:00Z;2016-10-07T09:36:00Z;2016-10-07T09:36:00Z;2016-10-07T09:36:00Z
24:1F:A0:A9:33:CE;2016-10-07T11:37:00Z;2016-10-07T11:45:00Z;2016-10-07T11:45:00Z;2016-10-07T11:45:00Z;2016-10-07T11:45:00Z
24:1F:A0:EA:8E:7B;2016-10-07T08:34:00Z;2016-10-07T08:41:00Z;2016-10-07T08:41:00Z;2016-10-07T08:41:00Z;2016-10-07T08:41:00Z
24:1F:A0:EA:8E:7B;2016-10-07T11:50:00Z;2016-10-07T11:51:00Z;2016-10-07T13:27:00Z;2016-10-07T13:27:00Z;2016-10-07T13:27:00Z
24:DA:9B:12:F7:6F;2016-10-07T10:33:00Z;2016-10-07T10:33:00Z;2016-10-07T11:07:00Z;2016-10-07T11:07:00Z;2016-10-07T11:07:00Z
24:DF:6A:07:78:D1;2016-10-07T14:53:00Z;2016-10-07T14:53:00Z;2016-10-07T15:28:00Z;2016-10-07T15:28:00Z;2016-10-07T15:28:00Z
24:DF:6A:0C:42:E9;2016-10-07T09:56:00Z;2016-10-07T10:10:00Z;2016-10-07T10:10:00Z;2016-10-07T10:10:00Z;2016-10-07T10:10:00Z
24:DF:6A:0C:42:E9;2016-10-07T12:49:00Z;2016-10-07T13:02:00Z;2016-10-07T13:02:00Z;2016-10-07T13:02:00Z;2016-10-07T13:02:00Z
24:DF:6A:45:68:66;2016-10-07T07:51:00Z;2016-10-07T07:58:00Z;2016-10-07T07:58:00Z;2016-10-07T07:58:00Z;2016-10-07T07:58:00Z
24:DF:6A:45:68:66;2016-10-07T21:02:00Z;2016-10-07T21:18:00Z;2016-10-07T21:18:00Z;2016-10-07T21:18:00Z;2016-10-07T21:18:00Z
24:DF:6A:45:6D:F6;2016-10-07T08:11:00Z;2016-10-07T08:30:00Z;2016-10-07T08:30:00Z;2016-10-07T08:30:00Z;2016-10-07T08:30:00Z
24:DF:6A:4E:DB:CB;2016-10-07T09:33:00Z;2016-10-07T09:42:00Z;2016-10-07T09:42:00Z;2016-10-07T09:42:00Z;2016-10-07T09:42:00Z
24:EC:99:D6:CF:9F;2016-10-07T07:56:00Z;2016-10-07T08:47:00Z;2016-10-07T08:47:00Z;2016-10-07T08:47:00Z;2016-10-07T08:47:00Z
26:D7:4F:AD:68:1E;2016-10-07T14:29:00Z;2016-10-07T14:29:00Z;2016-10-07T14:35:00Z;2016-10-07T14:35:00Z;2016-10-07T14:35:00Z
28:27:BF:60:E3:25;2016-10-07T11:12:00Z;2016-10-07T11:12:00Z;2016-10-07T11:27:00Z;2016-10-07T11:27:00Z;2016-10-07T11:27:00Z
28:27:BF:71:9C:4B;2016-10-07T12:42:00Z;2016-10-07T12:54:00Z;2016-10-07T12:54:00Z;2016-10-07T12:54:00Z;2016-10-07T12:54:00Z
28:27:BF:8F:C3:D9;2016-10-07T13:58:00Z;2016-10-07T13:58:00Z;2016-10-07T15:19:00Z;2016-10-07T15:19:00Z;2016-10-07T15:19:00Z
28:37:37:23:80:DE;2016-10-07T12:22:00Z;2016-10-07T14:02:00Z;2016-10-07T14:02:00Z;2016-10-07T14:02:00Z;2016-10-07T14:02:00Z
28:BA:B5:99:BA:2C;2016-10-07T14:43:00Z;2016-10-07T16:17:00Z;2016-10-07T16:17:00Z;2016-10-07T16:17:00Z;2016-10-07T16:17:00Z
28:E1:4C:88:01:31;2016-10-07T11:58:00Z;2016-10-07T12:11:00Z;2016-10-07T12:11:00Z;2016-10-07T12:11:00Z;2016-10-07T12:11:00Z
2A:EE:11:63:B4:5B;2016-10-07T15:11:00Z;2016-10-07T15:13:00Z;2016-10-07T15:18:00Z;2016-10-07T15:18:00Z;2016-10-07T15:18:00Z
2C:54:CF:E5:8F:FC;2016-10-07T11:53:00Z;2016-10-07T11:53:00Z;2016-10-07T12:31:00Z;2016-10-07T12:31:00Z;2016-10-07T12:31:00Z
2C:AE:2B:ED:C3:18;2016-10-07T17:31:00Z;2016-10-07T17:37:00Z;2016-10-07T17:49:00Z;2016-10-07T17:49:00Z;2016-10-07T17:49:00Z
2C:AE:2B:F0:AC:04;2016-10-07T14:30:00Z;2016-10-07T16:25:00Z;2016-10-07T16:25:00Z;2016-10-07T16:25:00Z;2016-10-07T16:25:00Z
30:3A:64:80:A5:02;2016-10-07T13:14:00Z;2016-10-07T13:14:00Z;2016-10-07T15:06:00Z;2016-10-07T15:06:00Z;2016-10-07T15:06:00Z
30:75:12:26:4F:A3;2016-10-07T08:56:00Z;2016-10-07T09:02:00Z;2016-10-07T09:02:00Z;2016-10-07T09:02:00Z;2016-10-07T09:02:00Z
30:75:12:FA:D3:4D;2016-10-07T09:31:00Z;2016-10-07T09:37:00Z;2016-10-07T10:15:00Z;2016-10-07T10:15:00Z;2016-10-07T10:15:00Z
30:76:6F:F3:F5:30;2016-10-07T18:45:00Z;2016-10-07T19:52:00Z;2016-10-07T19:52:00Z;2016-10-07T19:52:00Z;2016-10-07T19:52:00Z
30:A8:DB:A4:25:BD;2016-10-07T15:22:00Z;2016-10-07T15:44:00Z;2016-10-07T15:44:00Z;2016-10-07T15:44:00Z;2016-10-07T15:44:00Z
32:7C:7A:D5:3C:AF;2016-10-07T09:35:00Z;2016-10-07T09:37:00Z;2016-10-07T09:41:00Z;2016-10-07T09:41:00Z;2016-10-07T09:41:00Z
32:9B:6B:37:BF:6B;2016-10-07T09:35:00Z;2016-10-07T09:38:00Z;2016-10-07T09:54:00Z;2016-10-07T09:54:00Z;2016-10-07T09:54:00Z
32:CF:D0:87:F8:C7;2016-10-07T09:10:00Z;2016-10-07T09:22:00Z;2016-10-07T09:22:00Z;2016-10-07T09:22:00Z;2016-10-07T09:22:00Z
34:0A:FF:3C:4B:32;2016-10-07T10:06:00Z;2016-10-07T10:06:00Z;2016-10-07T10:29:00Z;2016-10-07T10:29:00Z;2016-10-07T10:29:00Z
34:23:BA:06:4A:A3;2016-10-07T07:59:00Z;2016-10-07T07:59:00Z;2016-10-07T08:16:00Z;2016-10-07T08:16:00Z;2016-10-07T08:16:00Z
34:23:BA:1D:17:A9;2016-10-07T08:31:00Z;2016-10-07T10:13:00Z;2016-10-07T10:13:00Z;2016-10-07T10:13:00Z;2016-10-07T10:13:00Z
34:23:BA:37:2E:73;2016-10-07T21:13:00Z;2016-10-07T21:21:00Z;2016-10-07T21:21:00Z;2016-10-07T21:21:00Z;2016-10-07T21:21:00Z
34:23:BA:CB:7B:9E;2016-10-07T13:45:00Z;2016-10-07T15:17:00Z;2016-10-07T15:17:00Z;2016-10-07T15:17:00Z;2016-10-07T15:17:00Z
34:23:BA:E1:B2:A8;2016-10-07T06:44:00Z;2016-10-07T06:44:00Z;2016-10-07T06:53:00Z;2016-10-07T06:53:00Z;2016-10-07T06:53:00Z
34:23:BA:F0:FD:B6;2016-10-07T08:15:00Z;2016-10-07T09:33:00Z;2016-10-07T09:33:00Z;2016-10-07T09:33:00Z;2016-10-07T09:33:00Z
34:31:11:35:7B:0F;2016-10-07T21:51:00Z;2016-10-07T22:52:00Z;2016-10-07T22:52:00Z;2016-10-07T22:52:00Z;2016-10-07T22:52:00Z
34:31:11:DA:98:97;2016-10-07T06:31:00Z;2016-10-07T06:44:00Z;2016-10-07T06:44:00Z;2016-10-07T06:44:00Z;2016-10-07T06:44:00Z
34:4D:F7:7B:BD:7D;2016-10-07T08:30:00Z;2016-10-07T08:30:00Z;2016-10-07T08:33:00Z;2016-10-07T09:22:00Z;2016-10-07T09:22:00Z
34:69:87:38:B1:AC;2016-10-07T11:36:00Z;2016-10-07T11:48:00Z;2016-10-07T11:48:00Z;2016-10-07T11:48:00Z;2016-10-07T11:48:00Z
34:69:87:5C:6E:77;2016-10-07T01:39:00Z;2016-10-07T02:48:00Z;2016-10-07T02:48:00Z;2016-10-07T02:48:00Z;2016-10-07T02:48:00Z
34:69:87:8A:80:65;2016-10-07T14:10:00Z;2016-10-07T14:22:00Z;2016-10-07T14:22:00Z;2016-10-07T14:22:00Z;2016-10-07T14:22:00Z
36:A0:AC:54:43:69;2016-10-07T15:35:00Z;2016-10-07T15:42:00Z;2016-10-07T15:47:00Z;2016-10-07T15:47:00Z;2016-10-07T15:47:00Z
38:0F:4A:BD:D3:70;2016-10-07T13:50:00Z;2016-10-07T14:19:00Z;2016-10-07T14:19:00Z;2016-10-07T14:19:00Z;2016-10-07T14:19:00Z
38:94:96:58:FF:48;2016-10-07T00:36:00Z;2016-10-07T01:33:00Z;2016-10-07T01:33:00Z;2016-10-07T01:33:00Z;2016-10-07T01:33:00Z
38:94:96:58:FF:48;2016-10-07T04:44:00Z;2016-10-07T06:22:00Z;2016-10-07T06:22:00Z;2016-10-07T06:22:00Z;2016-10-07T06:22:00Z
38:AA:3C:0D:7D:20;2016-10-07T07:14:00Z;2016-10-07T07:39:00Z;2016-10-07T07:39:00Z;2016-10-07T07:39:00Z;2016-10-07T07:39:00Z
3C:97:0E:FE:D0:52;2016-10-07T16:45:00Z;2016-10-07T16:55:00Z;2016-10-07T16:55:00Z;2016-10-07T16:55:00Z;2016-10-07T16:55:00Z
3C:BB:FD:71:AD:3D;2016-10-07T11:37:00Z;2016-10-07T12:37:00Z;2016-10-07T12:37:00Z;2016-10-07T12:37:00Z;2016-10-07T12:37:00Z
3C:CB:7C:25:41:6E;2016-10-07T10:38:00Z;2016-10-07T10:38:00Z;2016-10-07T11:01:00Z;2016-10-07T11:01:00Z;2016-10-07T11:01:00Z
3E:0F:2A:A7:0A:CC;2016-10-07T11:14:00Z;2016-10-07T11:16:00Z;2016-10-07T11:22:00Z;2016-10-07T11:22:00Z;2016-10-07T11:22:00Z
3E:F0:7B:0B:E5:F1;2016-10-07T16:25:00Z;2016-10-07T16:25:00Z;2016-10-07T16:34:00Z;2016-10-07T16:34:00Z;2016-10-07T16:34:00Z
40:83:DE:09:52:9F;2016-10-07T10:15:00Z;2016-10-07T10:16:00Z;2016-10-07T10:59:00Z;2016-10-07T10:59:00Z;2016-10-07T10:59:00Z
40:83:DE:62:69:CB;2016-10-07T08:09:00Z;2016-10-07T09:46:00Z;2016-10-07T09:46:00Z;2016-10-07T09:46:00Z;2016-10-07T09:46:00Z
40:83:DE:62:69:CB;2016-10-07T12:37:00Z;2016-10-07T12:37:00Z;2016-10-07T13:37:00Z;2016-10-07T13:37:00Z;2016-10-07T13:37:00Z
40:83:DE:82:E2:86;2016-10-07T11:57:00Z;2016-10-07T12:09:00Z;2016-10-07T12:09:00Z;2016-10-07T12:09:00Z;2016-10-07T12:09:00Z
40:88:05:D2:6D:20;2016-10-07T19:42:00Z;2016-10-07T19:49:00Z;2016-10-07T19:49:00Z;2016-10-07T19:49:00Z;2016-10-07T19:49:00Z
40:A6:D9:A8:4D:1C;2016-10-07T14:14:00Z;2016-10-07T14:27:00Z;2016-10-07T14:27:00Z;2016-10-07T14:27:00Z;2016-10-07T14:27:00Z
40:B0:FA:66:04:A7;2016-10-07T19:51:00Z;2016-10-07T20:30:00Z;2016-10-07T20:30:00Z;2016-10-07T20:30:00Z;2016-10-07T20:30:00Z
40:B0:FA:66:D5:EF;2016-10-07T15:10:00Z;2016-10-07T15:50:00Z;2016-10-07T16:59:00Z;2016-10-07T16:59:00Z;2016-10-07T16:59:00Z
40:B0:FA:92:7B:54;2016-10-07T15:41:00Z;2016-10-07T15:41:00Z;2016-10-07T15:47:00Z;2016-10-07T16:17:00Z;2016-10-07T17:07:00Z
40:B0:FA:BC:C1:C9;2016-10-07T08:34:00Z;2016-10-07T09:50:00Z;2016-10-07T09:50:00Z;2016-10-07T09:50:00Z;2016-10-07T09:50:00Z
40:B8:37:0B:52:C7;2016-10-07T11:50:00Z;2016-10-07T13:26:00Z;2016-10-07T13:26:00Z;2016-10-07T13:26:00Z;2016-10-07T13:26:00Z
40:B8:37:59:7E:08;2016-10-07T14:21:00Z;2016-10-07T14:29:00Z;2016-10-07T14:29:00Z;2016-10-07T14:29:00Z;2016-10-07T14:29:00Z
40:B8:37:D9:A6:50;2016-10-07T07:13:00Z;2016-10-07T07:20:00Z;2016-10-07T07:20:00Z;2016-10-07T07:20:00Z;2016-10-07T07:20:00Z
40:B8:37:F1:44:C4;2016-10-07T22:10:00Z;2016-10-07T23:20:00Z;2016-10-07T23:20:00Z;2016-10-07T23:20:00Z;2016-10-07T23:20:00Z
40:F3:08:2C:F6:E6;2016-10-07T19:26:00Z;2016-10-07T20:51:00Z;2016-10-07T20:51:00Z;2016-10-07T20:51:00Z;2016-10-07T20:51:00Z
40:F3:08:DA:79:3F;2016-10-07T14:22:00Z;2016-10-07T14:22:00Z;2016-10-07T15:28:00Z;2016-10-07T15:28:00Z;2016-10-07T15:28:00Z
40:F3:08:DA:C9:71;2016-10-07T10:05:00Z;2016-10-07T10:05:00Z;2016-10-07T10:12:00Z;2016-10-07T10:12:00Z;2016-10-07T10:12:00Z
40:F3:08:DA:C9:71;2016-10-07T14:44:00Z;2016-10-07T14:44:00Z;2016-10-07T15:23:00Z;2016-10-07T15:23:00Z;2016-10-07T15:23:00Z
42:1C:8F:DA:E7:AC;2016-10-07T18:51:00Z;2016-10-07T18:57:00Z;2016-10-07T18:57:00Z;2016-10-07T18:57:00Z;2016-10-07T18:57:00Z
44:6D:6C:40:F0:31;2016-10-07T10:34:00Z;2016-10-07T11:16:00Z;2016-10-07T11:16:00Z;2016-10-07T11:16:00Z;2016-10-07T11:16:00Z
44:6D:6C:61:0F:63;2016-10-07T11:52:00Z;2016-10-07T12:13:00Z;2016-10-07T12:13:00Z;2016-10-07T12:13:00Z;2016-10-07T12:13:00Z
44:6D:6C:84:C1:2D;2016-10-07T11:59:00Z;2016-10-07T12:24:00Z;2016-10-07T12:24:00Z;2016-10-07T12:24:00Z;2016-10-07T12:24:00Z
44:6D:6C:8D:D4:E9;2016-10-07T10:31:00Z;2016-10-07T10:50:00Z;2016-10-07T11:17:00Z;2016-10-07T11:17:00Z;2016-10-07T11:17:00Z
44:74:6C:0D:1B:35;2016-10-07T21:54:00Z;2016-10-07T21:54:00Z;2016-10-07T22:42:00Z;2016-10-07T22:45:00Z;2016-10-07T23:14:00Z
44:74:6C:39:EE:52;2016-10-07T12:24:00Z;2016-10-07T12:34:00Z;2016-10-07T12:34:00Z;2016-10-07T12:34:00Z;2016-10-07T12:34:00Z
44:74:6C:39:EE:52;2016-10-07T21:27:00Z;2016-10-07T21:37:00Z;2016-10-07T21:37:00Z;2016-10-07T21:37:00Z;2016-10-07T21:37:00Z
44:74:6C:B1:46:5C;2016-10-07T08:55:00Z;2016-10-07T09:44:00Z;2016-10-07T09:44:00Z;2016-10-07T09:44:00Z;2016-10-07T09:44:00Z
44:74:6C:B6:C1:2E;2016-10-07T11:18:00Z;2016-10-07T11:18:00Z;2016-10-07T11:35:00Z;2016-10-07T11:35:00Z;2016-10-07T11:35:00Z
44:74:6C:BE:D3:4E;2016-10-07T05:44:00Z;2016-10-07T05:52:00Z;2016-10-07T05:52:00Z;2016-10-07T05:52:00Z;2016-10-07T05:52:00Z
44:80:EB:75:3F:1A;2016-10-07T07:49:00Z;2016-10-07T08:21:00Z;2016-10-07T08:21:00Z;2016-10-07T08:21:00Z;2016-10-07T08:21:00Z
44:D4:E0:4E:22:2E;2016-10-07T23:00:00Z;2016-10-07T23:13:00Z;2016-10-07T23:23:00Z;2016-10-07T23:36:00Z;2016-10-07T23:43:00Z
44:D4:E0:4F:74:4C;2016-10-07T06:41:00Z;2016-10-07T07:00:00Z;2016-10-07T07:00:00Z;2016-10-07T07:00:00Z;2016-10-07T07:00:00Z
44:D4:E0:8A:94:F6;2016-10-07T10:34:00Z;2016-10-07T11:15:00Z;2016-10-07T11:15:00Z;2016-10-07T11:15:00Z;2016-10-07T11:15:00Z
44:D4:E0:AA:97:68;2016-10-07T14:47:00Z;2016-10-07T16:12:00Z;2016-10-07T16:12:00Z;2016-10-07T16:12:00Z;2016-10-07T16:12:00Z
44:D4:E0:AC:10:6E;2016-10-07T11:40:00Z;2016-10-07T12:15:00Z;2016-10-07T12:15:00Z;2016-10-07T12:15:00Z;2016-10-07T12:15:00Z
46:34:F0:2D:34:A9;2016-10-07T14:50:00Z;2016-10-07T14:50:00Z;2016-10-07T14:57:00Z;2016-10-07T14:57:00Z;2016-10-07T14:57:00Z
46:93:3C:90:04:CC;2016-10-07T15:27:00Z;2016-10-07T15:27:00Z;2016-10-07T15:33:00Z;2016-10-07T15:33:00Z;2016-10-07T15:33:00Z
48:13:7E:0E:9D:A1;2016-10-07T11:49:00Z;2016-10-07T12:02:00Z;2016-10-07T12:02:00Z;2016-10-07T12:02:00Z;2016-10-07T12:02:00Z
48:13:7E:8C:81:36;2016-10-07T18:24:00Z;2016-10-07T18:32:00Z;2016-10-07T18:32:00Z;2016-10-07T18:32:00Z;2016-10-07T18:32:00Z
48:13:7E:AA:20:A6;2016-10-07T09:27:00Z;2016-10-07T09:55:00Z;2016-10-07T09:55:00Z;2016-10-07T09:55:00Z;2016-10-07T09:55:00Z
48:13:7E:AA:20:A6;2016-10-07T14:11:00Z;2016-10-07T14:28:00Z;2016-10-07T14:54:00Z;2016-10-07T14:54:00Z;2016-10-07T14:54:00Z
48:50:73:01:08:60;2016-10-07T08:58:00Z;2016-10-07T09:06:00Z;2016-10-07T09:06:00Z;2016-10-07T09:06:00Z;2016-10-07T09:06:00Z
48:50:73:9A:FB:B4;2016-10-07T11:43:00Z;2016-10-07T11:43:00Z;2016-10-07T12:29:00Z;2016-10-07T12:29:00Z;2016-10-07T12:29:00Z
48:50:73:AF:44:5C;2016-10-07T14:07:00Z;2016-10-07T14:08:00Z;2016-10-07T15:16:00Z;2016-10-07T15:16:00Z;2016-10-07T15:16:00Z
48:50:73:AF:5D:B8;2016-10-07T14:00:00Z;2016-10-07T14:00:00Z;2016-10-07T15:07:00Z;2016-10-07T15:07:00Z;2016-10-07T15:07:00Z
48:5A:3F:5C:1E:F8;2016-10-07T14:47:00Z;2016-10-07T15:28:00Z;2016-10-07T15:28:00Z;2016-10-07T15:28:00Z;2016-10-07T15:28:00Z
48:5A:3F:60:8B:F9;2016-10-07T05:44:00Z;2016-10-07T05:52:00Z;2016-10-07T05:52:00Z;2016-10-07T05:52:00Z;2016-10-07T05:52:00Z
48:5A:3F:65:23:98;2016-10-07T12:42:00Z;2016-10-07T13:31:00Z;2016-10-07T13:31:00Z;2016-10-07T13:31:00Z;2016-10-07T13:31:00Z
48:5A:3F:73:5F:CE;2016-10-07T09:50:00Z;2016-10-07T09:50:00Z;2016-10-07T10:12:00Z;2016-10-07T10:12:00Z;2016-10-07T10:12:00Z
48:5A:3F:75:C5:98;2016-10-07T09:12:00Z;2016-10-07T09:50:00Z;2016-10-07T09:50:00Z;2016-10-07T09:50:00Z;2016-10-07T09:50:00Z
48:5A:3F:75:C5:98;2016-10-07T15:51:00Z;2016-10-07T17:45:00Z;2016-10-07T17:45:00Z;2016-10-07T17:45:00Z;2016-10-07T17:45:00Z
48:5A:3F:79:4A:33;2016-10-07T05:17:00Z;2016-10-07T05:43:00Z;2016-10-07T05:43:00Z;2016-10-07T05:43:00Z;2016-10-07T05:43:00Z
48:5A:3F:88:F3:CF;2016-10-07T14:05:00Z;2016-10-07T14:16:00Z;2016-10-07T14:16:00Z;2016-10-07T14:16:00Z;2016-10-07T14:16:00Z
48:5A:3F:91:DC:92;2016-10-07T11:19:00Z;2016-10-07T11:38:00Z;2016-10-07T11:38:00Z;2016-10-07T11:38:00Z;2016-10-07T11:38:00Z
4C:21:D0:47:F6:3A;2016-10-07T10:34:00Z;2016-10-07T11:57:00Z;2016-10-07T11:57:00Z;2016-10-07T11:57:00Z;2016-10-07T11:57:00Z
4C:21:D0:C7:69:31;2016-10-07T10:26:00Z;2016-10-07T10:26:00Z;2016-10-07T11:01:00Z;2016-10-07T11:01:00Z;2016-10-07T11:01:00Z
4C:25:78:C2:30:EC;2016-10-07T15:25:00Z;2016-10-07T16:38:00Z;2016-10-07T16:38:00Z;2016-10-07T16:38:00Z;2016-10-07T16:38:00Z
4C:3C:16:05:CC:F0;2016-10-07T14:38:00Z;2016-10-07T14:38:00Z;2016-10-07T16:29:00Z;2016-10-07T16:29:00Z;2016-10-07T16:29:00Z
4C:3C:16:55:24:F6;2016-10-07T06:47:00Z;2016-10-07T06:56:00Z;2016-10-07T06:56:00Z;2016-10-07T06:56:00Z;2016-10-07T06:56:00Z
4C:66:41:50:2B:D5;2016-10-07T14:21:00Z;2016-10-07T14:21:00Z;2016-10-07T15:24:00Z;2016-10-07T15:24:00Z;2016-10-07T15:24:00Z
4C:66:41:54:27:F4;2016-10-07T00:06:00Z;2016-10-07T00:06:00Z;2016-10-07T00:12:00Z;2016-10-07T00:12:00Z;2016-10-07T00:12:00Z
4C:66:41:55:B1:5A;2016-10-07T20:30:00Z;2016-10-07T20:46:00Z;2016-10-07T20:46:00Z;2016-10-07T20:46:00Z;2016-10-07T20:46:00Z
4C:66:41:64:B3:2E;2016-10-07T16:44:00Z;2016-10-07T16:50:00Z;2016-10-07T16:50:00Z;2016-10-07T16:50:00Z;2016-10-07T16:50:00Z
4C:66:41:96:FA:44;2016-10-07T09:17:00Z;2016-10-07T09:29:00Z;2016-10-07T09:29:00Z;2016-10-07T09:29:00Z;2016-10-07T09:29:00Z
4C:66:41:C0:E8:B9;2016-10-07T15:28:00Z;2016-10-07T16:40:00Z;2016-10-07T16:40:00Z;2016-10-07T16:40:00Z;2016-10-07T16:40:00Z
4C:74:03:00:41:42;2016-10-07T14:41:00Z;2016-10-07T15:34:00Z;2016-10-07T15:34:00Z;2016-10-07T15:34:00Z;2016-10-07T15:34:00Z
4C:74:03:06:E7:E3;2016-10-07T10:45:00Z;2016-10-07T12:25:00Z;2016-10-07T12:25:00Z;2016-10-07T12:25:00Z;2016-10-07T12:25:00Z
4C:74:03:09:E2:65;2016-10-07T22:46:00Z;2016-10-07T23:57:00Z;2016-10-07T23:57:00Z;2016-10-07T23:57:00Z;2016-10-07T23:57:00Z
4C:74:03:09:E8:87;2016-10-07T16:55:00Z;2016-10-07T17:14:00Z;2016-10-07T17:14:00Z;2016-10-07T17:14:00Z;2016-10-07T17:14:00Z
4C:74:03:0C:B8:73;2016-10-07T11:26:00Z;2016-10-07T11:26:00Z;2016-10-07T11:54:00Z;2016-10-07T11:54:00Z;2016-10-07T11:54:00Z
4C:74:03:0C:EC:23;2016-10-07T13:10:00Z;2016-10-07T14:42:00Z;2016-10-07T14:42:00Z;2016-10-07T14:42:00Z;2016-10-07T14:42:00Z
4C:74:03:0C:F4:4E;2016-10-07T17:46:00Z;2016-10-07T17:46:00Z;2016-10-07T19:03:00Z;2016-10-07T19:03:00Z;2016-10-07T19:03:00Z
4C:74:03:13:32:68;2016-10-07T23:16:00Z;2016-10-07T23:37:00Z;2016-10-07T23:37:00Z;2016-10-07T23:37:00Z;2016-10-07T23:37:00Z
4C:74:03:17:17:BA;2016-10-07T09:52:00Z;2016-10-07T10:01:00Z;2016-10-07T10:01:00Z;2016-10-07T10:01:00Z;2016-10-07T10:01:00Z
4C:74:03:17:37:44;2016-10-07T16:09:00Z;2016-10-07T16:09:00Z;2016-10-07T17:58:00Z;2016-10-07T17:58:00Z;2016-10-07T17:58:00Z
4C:74:03:1B:B6:0E;2016-10-07T18:41:00Z;2016-10-07T19:00:00Z;2016-10-07T19:00:00Z;2016-10-07T19:00:00Z;2016-10-07T19:00:00Z
4C:74:03:1F:3C:AD;2016-10-07T16:02:00Z;2016-10-07T16:11:00Z;2016-10-07T16:11:00Z;2016-10-07T16:11:00Z;2016-10-07T16:11:00Z
4C:74:03:20:A8:F0;2016-10-07T09:02:00Z;2016-10-07T09:32:00Z;2016-10-07T09:32:00Z;2016-10-07T09:32:00Z;2016-10-07T09:32:00Z
4C:74:03:21:8B:52;2016-10-07T09:45:00Z;2016-10-07T09:45:00Z;2016-10-07T10:11:00Z;2016-10-07T10:11:00Z;2016-10-07T10:11:00Z
4C:74:03:21:8B:52;2016-10-07T13:01:00Z;2016-10-07T14:38:00Z;2016-10-07T14:38:00Z;2016-10-07T14:38:00Z;2016-10-07T14:38:00Z
4C:74:03:2D:C1:62;2016-10-07T13:29:00Z;2016-10-07T14:56:00Z;2016-10-07T14:56:00Z;2016-10-07T14:56:00Z;2016-10-07T14:56:00Z
4C:74:03:2E:A8:4F;2016-10-07T14:07:00Z;2016-10-07T14:07:00Z;2016-10-07T14:42:00Z;2016-10-07T14:47:00Z;2016-10-07T15:23:00Z
4C:74:03:2E:D9:70;2016-10-07T21:11:00Z;2016-10-07T21:11:00Z;2016-10-07T21:52:00Z;2016-10-07T21:52:00Z;2016-10-07T21:52:00Z
4C:74:03:37:FD:F6;2016-10-07T08:32:00Z;2016-10-07T08:34:00Z;2016-10-07T08:58:00Z;2016-10-07T09:26:00Z;2016-10-07T09:26:00Z
4C:74:03:3B:2E:7C;2016-10-07T10:33:00Z;2016-10-07T10:57:00Z;2016-10-07T10:57:00Z;2016-10-07T10:57:00Z;2016-10-07T10:57:00Z
4C:74:03:49:5F:37;2016-10-07T22:29:00Z;2016-10-07T23:00:00Z;2016-10-07T23:00:00Z;2016-10-07T23:00:00Z;2016-10-07T23:00:00Z
4C:74:03:54:12:09;2016-10-07T22:31:00Z;2016-10-07T23:18:00Z;2016-10-07T23:18:00Z;2016-10-07T23:18:00Z;2016-10-07T23:18:00Z
4C:74:03:54:24:93;2016-10-07T11:10:00Z;2016-10-07T11:42:00Z;2016-10-07T11:42:00Z;2016-10-07T11:42:00Z;2016-10-07T11:42:00Z
4C:74:03:57:4E:70;2016-10-07T09:28:00Z;2016-10-07T09:48:00Z;2016-10-07T09:48:00Z;2016-10-07T09:48:00Z;2016-10-07T09:48:00Z
4C:74:03:58:A6:04;2016-10-07T17:04:00Z;2016-10-07T17:14:00Z;2016-10-07T17:14:00Z;2016-10-07T17:14:00Z;2016-10-07T17:14:00Z
4C:74:03:5E:1C:F0;2016-10-07T10:57:00Z;2016-10-07T11:10:00Z;2016-10-07T11:10:00Z;2016-10-07T11:10:00Z;2016-10-07T11:10:00Z
4C:74:03:60:8C:CE;2016-10-07T23:16:00Z;2016-10-07T23:33:00Z;2016-10-07T23:33:00Z;2016-10-07T23:33:00Z;2016-10-07T23:33:00Z
4C:74:03:6E:10:D9;2016-10-07T19:39:00Z;2016-10-07T19:39:00Z;2016-10-07T19:54:00Z;2016-10-07T19:54:00Z;2016-10-07T19:54:00Z
4C:74:03:6E:C0:FE;2016-10-07T15:06:00Z;2016-10-07T16:21:00Z;2016-10-07T16:21:00Z;2016-10-07T16:21:00Z;2016-10-07T16:21:00Z
4C:74:03:C4:BE:35;2016-10-07T17:20:00Z;2016-10-07T17:31:00Z;2016-10-07T17:31:00Z;2016-10-07T17:31:00Z;2016-10-07T17:31:00Z
4C:74:03:C4:BE:35;2016-10-07T21:41:00Z;2016-10-07T22:01:00Z;2016-10-07T22:01:00Z;2016-10-07T22:01:00Z;2016-10-07T22:01:00Z
4C:74:03:C6:1E:CF;2016-10-07T14:19:00Z;2016-10-07T15:12:00Z;2016-10-07T15:12:00Z;2016-10-07T15:12:00Z;2016-10-07T15:12:00Z
4C:74:03:E1:7C:DC;2016-10-07T17:31:00Z;2016-10-07T18:11:00Z;2016-10-07T18:11:00Z;2016-10-07T18:11:00Z;2016-10-07T18:11:00Z
4C:74:03:E2:71:C7;2016-10-07T03:57:00Z;2016-10-07T05:36:00Z;2016-10-07T05:36:00Z;2016-10-07T05:36:00Z;2016-10-07T05:36:00Z
4C:74:03:F1:42:41;2016-10-07T10:06:00Z;2016-10-07T10:06:00Z;2016-10-07T10:29:00Z;2016-10-07T10:29:00Z;2016-10-07T10:29:00Z
4C:74:03:F1:42:8C;2016-10-07T11:25:00Z;2016-10-07T11:53:00Z;2016-10-07T11:53:00Z;2016-10-07T11:53:00Z;2016-10-07T11:53:00Z
4C:74:03:F3:3E:4A;2016-10-07T10:33:00Z;2016-10-07T10:39:00Z;2016-10-07T10:39:00Z;2016-10-07T10:39:00Z;2016-10-07T10:39:00Z
4C:B1:99:D6:5F:9B;2016-10-07T21:48:00Z;2016-10-07T23:47:00Z;2016-10-07T23:47:00Z;2016-10-07T23:47:00Z;2016-10-07T23:47:00Z
50:2E:5C:CA:0C:89;2016-10-07T07:06:00Z;2016-10-07T07:36:00Z;2016-10-07T07:36:00Z;2016-10-07T07:36:00Z;2016-10-07T07:36:00Z
50:2E:5C:CA:0C:89;2016-10-07T11:39:00Z;2016-10-07T13:18:00Z;2016-10-07T13:18:00Z;2016-10-07T13:18:00Z;2016-10-07T13:18:00Z
50:2E:5C:CA:0C:89;2016-10-07T16:06:00Z;2016-10-07T16:06:00Z;2016-10-07T16:09:00Z;2016-10-07T17:13:00Z;2016-10-07T17:13:00Z
50:55:27:BF:2E:9D;2016-10-07T14:01:00Z;2016-10-07T14:01:00Z;2016-10-07T14:04:00Z;2016-10-07T15:07:00Z;2016-10-07T15:15:00Z
50:55:27:D2:F8:E0;2016-10-07T20:59:00Z;2016-10-07T21:09:00Z;2016-10-07T21:09:00Z;2016-10-07T21:09:00Z;2016-10-07T21:09:00Z
50:7A:55:03:DB:0E;2016-10-07T11:02:00Z;2016-10-07T11:02:00Z;2016-10-07T11:25:00Z;2016-10-07T11:25:00Z;2016-10-07T11:25:00Z
50:9F:27:7A:15:1D;2016-10-07T11:10:00Z;2016-10-07T11:10:00Z;2016-10-07T11:35:00Z;2016-10-07T11:35:00Z;2016-10-07T11:35:00Z
50:9F:27:7D:04:8E;2016-10-07T11:03:00Z;2016-10-07T11:03:00Z;2016-10-07T11:35:00Z;2016-10-07T11:35:00Z;2016-10-07T11:35:00Z
50:A7:2B:4C:58:62;2016-10-07T07:01:00Z;2016-10-07T07:16:00Z;2016-10-07T07:16:00Z;2016-10-07T07:16:00Z;2016-10-07T07:16:00Z
50:B7:C3:DF:E8:03;2016-10-07T18:26:00Z;2016-10-07T18:32:00Z;2016-10-07T18:32:00Z;2016-10-07T18:32:00Z;2016-10-07T18:32:00Z
50:C8:E5:79:23:77;2016-10-07T08:44:00Z;2016-10-07T09:06:00Z;2016-10-07T09:06:00Z;2016-10-07T09:06:00Z;2016-10-07T09:06:00Z
50:C8:E5:E3:A5:51;2016-10-07T22:12:00Z;2016-10-07T23:41:00Z;2016-10-07T23:41:00Z;2016-10-07T23:41:00Z;2016-10-07T23:41:00Z
52:B0:D3:E6:E2:82;2016-10-07T08:48:00Z;2016-10-07T08:48:00Z;2016-10-07T08:55:00Z;2016-10-07T08:55:00Z;2016-10-07T08:55:00Z
54:14:73:25:9A:93;2016-10-07T00:23:00Z;2016-10-07T01:12:00Z;2016-10-07T01:12:00Z;2016-10-07T01:12:00Z;2016-10-07T01:12:00Z
54:14:73:25:9A:93;2016-10-07T04:26:00Z;2016-10-07T04:44:00Z;2016-10-07T04:44:00Z;2016-10-07T04:44:00Z;2016-10-07T04:44:00Z
54:14:73:25:9A:93;2016-10-07T06:56:00Z;2016-10-07T07:02:00Z;2016-10-07T07:02:00Z;2016-10-07T07:02:00Z;2016-10-07T07:02:00Z
54:4E:90:70:3E:57;2016-10-07T21:32:00Z;2016-10-07T21:51:00Z;2016-10-07T21:51:00Z;2016-10-07T21:51:00Z;2016-10-07T21:51:00Z
54:72:4F:52:E5:36;2016-10-07T13:49:00Z;2016-10-07T13:59:00Z;2016-10-07T14:51:00Z;2016-10-07T14:51:00Z;2016-10-07T14:51:00Z
54:AE:27:67:74:9A;2016-10-07T11:48:00Z;2016-10-07T13:47:00Z;2016-10-07T13:47:00Z;2016-10-07T13:47:00Z;2016-10-07T13:47:00Z
54:EA:A8:82:19:F2;2016-10-07T12:20:00Z;2016-10-07T12:27:00Z;2016-10-07T12:27:00Z;2016-10-07T12:27:00Z;2016-10-07T12:27:00Z
56:6E:93:EB:8B:E8;2016-10-07T16:36:00Z;2016-10-07T16:49:00Z;2016-10-07T16:49:00Z;2016-10-07T16:49:00Z;2016-10-07T16:49:00Z
56:82:DA:50:78:51;2016-10-07T18:23:00Z;2016-10-07T18:31:00Z;2016-10-07T18:31:00Z;2016-10-07T18:31:00Z;2016-10-07T18:31:00Z
58:1F:28:7C:E9:93;2016-10-07T11:40:00Z;2016-10-07T12:13:00Z;2016-10-07T12:13:00Z;2016-10-07T12:13:00Z;2016-10-07T12:13:00Z
58:1F:AA:18:D3:A2;2016-10-07T13:05:00Z;2016-10-07T14:20:00Z;2016-10-07T14:20:00Z;2016-10-07T14:20:00Z;2016-10-07T14:20:00Z
58:1F:AA:70:11:C7;2016-10-07T10:49:00Z;2016-10-07T11:06:00Z;2016-10-07T11:06:00Z;2016-10-07T11:06:00Z;2016-10-07T11:06:00Z
58:2A:F7:30:73:83;2016-10-07T14:09:00Z;2016-10-07T14:09:00Z;2016-10-07T15:14:00Z;2016-10-07T15:14:00Z;2016-10-07T15:14:00Z
58:48:22:4D:25:73;2016-10-07T23:45:00Z;2016-10-07T23:57:00Z;2016-10-07T23:57:00Z;2016-10-07T23:57:00Z;2016-10-07T23:57:00Z
58:48:22:4E:66:75;2016-10-07T14:09:00Z;2016-10-07T14:09:00Z;2016-10-07T15:36:00Z;2016-10-07T15:36:00Z;2016-10-07T15:36:00Z
58:48:22:57:E4:23;2016-10-07T14:08:00Z;2016-10-07T14:08:00Z;2016-10-07T15:37:00Z;2016-10-07T15:37:00Z;2016-10-07T15:37:00Z
58:48:22:58:02:08;2016-10-07T14:10:00Z;2016-10-07T14:10:00Z;2016-10-07T15:39:00Z;2016-10-07T15:39:00Z;2016-10-07T15:39:00Z
58:48:22:79:B9:AC;2016-10-07T12:57:00Z;2016-10-07T13:03:00Z;2016-10-07T13:03:00Z;2016-10-07T13:03:00Z;2016-10-07T13:03:00Z
58:48:22:7B:18:07;2016-10-07T09:11:00Z;2016-10-07T09:35:00Z;2016-10-07T09:35:00Z;2016-10-07T09:35:00Z;2016-10-07T09:35:00Z
58:48:22:7B:18:07;2016-10-07T11:55:00Z;2016-10-07T13:30:00Z;2016-10-07T13:30:00Z;2016-10-07T13:30:00Z;2016-10-07T13:30:00Z
58:55:CA:E0:CF:FB;2016-10-07T08:45:00Z;2016-10-07T08:45:00Z;2016-10-07T10:29:00Z;2016-10-07T10:29:00Z;2016-10-07T10:29:00Z
58:55:CA:E0:CF:FB;2016-10-07T12:58:00Z;2016-10-07T12:58:00Z;2016-10-07T13:46:00Z;2016-10-07T13:46:00Z;2016-10-07T13:46:00Z
58:A2:B5:90:8F:5C;2016-10-07T09:49:00Z;2016-10-07T09:57:00Z;2016-10-07T09:57:00Z;2016-10-07T09:57:00Z;2016-10-07T09:57:00Z
58:A2:B5:F3:88:0D;2016-10-07T08:49:00Z;2016-10-07T09:10:00Z;2016-10-07T09:10:00Z;2016-10-07T09:10:00Z;2016-10-07T09:10:00Z
58:A2:B5:FE:CC:26;2016-10-07T13:43:00Z;2016-10-07T15:10:00Z;2016-10-07T15:10:00Z;2016-10-07T15:10:00Z;2016-10-07T15:10:00Z
5A:80:B8:BB:97:27;2016-10-07T15:42:00Z;2016-10-07T15:42:00Z;2016-10-07T15:44:00Z;2016-10-07T15:49:00Z;2016-10-07T15:49:00Z
5C:51:88:79:42:9B;2016-10-07T09:35:00Z;2016-10-07T09:41:00Z;2016-10-07T09:41:00Z;2016-10-07T09:41:00Z;2016-10-07T09:41:00Z
5C:70:A3:23:38:50;2016-10-07T09:28:00Z;2016-10-07T11:08:00Z;2016-10-07T11:08:00Z;2016-10-07T11:08:00Z;2016-10-07T11:08:00Z
5C:70:A3:23:B4:73;2016-10-07T08:25:00Z;2016-10-07T08:31:00Z;2016-10-07T08:31:00Z;2016-10-07T08:31:00Z;2016-10-07T08:31:00Z
5C:70:A3:30:82:71;2016-10-07T16:00:00Z;2016-10-07T17:57:00Z;2016-10-07T17:57:00Z;2016-10-07T17:57:00Z;2016-10-07T17:57:00Z
5C:70:A3:34:11:DD;2016-10-07T07:31:00Z;2016-10-07T07:38:00Z;2016-10-07T07:45:00Z;2016-10-07T07:55:00Z;2016-10-07T07:55:00Z
5C:93:A2:D0:61:9C;2016-10-07T15:34:00Z;2016-10-07T16:29:00Z;2016-10-07T16:29:00Z;2016-10-07T16:29:00Z;2016-10-07T16:29:00Z
5C:93:A2:D0:61:9C;2016-10-07T21:03:00Z;2016-10-07T21:54:00Z;2016-10-07T21:54:00Z;2016-10-07T21:54:00Z;2016-10-07T21:54:00Z
5C:93:A2:D0:72:21;2016-10-07T09:01:00Z;2016-10-07T09:36:00Z;2016-10-07T09:36:00Z;2016-10-07T09:36:00Z;2016-10-07T09:36:00Z
5C:93:A2:D0:72:21;2016-10-07T14:12:00Z;2016-10-07T14:47:00Z;2016-10-07T14:47:00Z;2016-10-07T14:47:00Z;2016-10-07T14:47:00Z
5C:93:A2:D0:72:21;2016-10-07T19:52:00Z;2016-10-07T20:07:00Z;2016-10-07T20:07:00Z;2016-10-07T20:07:00Z;2016-10-07T20:07:00Z
5C:97:F3:A1:BD:A4;2016-10-07T03:59:00Z;2016-10-07T04:35:00Z;2016-10-07T04:35:00Z;2016-10-07T04:35:00Z;2016-10-07T04:35:00Z
5C:A8:6A:1A:DD:B5;2016-10-07T19:40:00Z;2016-10-07T19:40:00Z;2016-10-07T19:52:00Z;2016-10-07T19:52:00Z;2016-10-07T19:52:00Z
5C:A8:6A:1A:E0:59;2016-10-07T20:00:00Z;2016-10-07T20:16:00Z;2016-10-07T20:16:00Z;2016-10-07T20:16:00Z;2016-10-07T20:16:00Z
5C:A8:6A:A1:B6:B8;2016-10-07T08:41:00Z;2016-10-07T08:41:00Z;2016-10-07T08:53:00Z;2016-10-07T09:14:00Z;2016-10-07T09:14:00Z
5E:76:F0:EC:4A:49;2016-10-07T16:12:00Z;2016-10-07T16:12:00Z;2016-10-07T16:19:00Z;2016-10-07T16:19:00Z;2016-10-07T16:19:00Z
60:21:C0:62:3C:ED;2016-10-07T08:57:00Z;2016-10-07T09:15:00Z;2016-10-07T09:15:00Z;2016-10-07T09:15:00Z;2016-10-07T09:15:00Z
60:6D:C7:68:D0:1D;2016-10-07T21:44:00Z;2016-10-07T22:41:00Z;2016-10-07T22:41:00Z;2016-10-07T22:41:00Z;2016-10-07T22:41:00Z
60:83:34:4A:05:C7;2016-10-07T10:45:00Z;2016-10-07T10:45:00Z;2016-10-07T10:53:00Z;2016-10-07T10:53:00Z;2016-10-07T10:53:00Z
60:83:34:5D:53:B7;2016-10-07T08:56:00Z;2016-10-07T09:26:00Z;2016-10-07T09:26:00Z;2016-10-07T09:26:00Z;2016-10-07T09:26:00Z
60:83:34:5D:53:B7;2016-10-07T12:27:00Z;2016-10-07T12:27:00Z;2016-10-07T13:36:00Z;2016-10-07T13:36:00Z;2016-10-07T13:36:00Z
60:83:34:5D:53:B7;2016-10-07T20:27:00Z;2016-10-07T20:38:00Z;2016-10-07T20:38:00Z;2016-10-07T20:38:00Z;2016-10-07T20:38:00Z
60:D9:C7:32:12:11;2016-10-07T12:19:00Z;2016-10-07T13:29:00Z;2016-10-07T13:29:00Z;2016-10-07T13:29:00Z;2016-10-07T13:29:00Z
60:E3:27:1B:80:69;2016-10-07T22:28:00Z;2016-10-07T22:53:00Z;2016-10-07T22:53:00Z;2016-10-07T22:53:00Z;2016-10-07T22:53:00Z
60:E3:AC:DD:86:FF;2016-10-07T18:58:00Z;2016-10-07T18:58:00Z;2016-10-07T19:30:00Z;2016-10-07T19:54:00Z;2016-10-07T19:54:00Z
60:E3:AC:E5:59:C3;2016-10-07T10:52:00Z;2016-10-07T11:21:00Z;2016-10-07T11:21:00Z;2016-10-07T11:21:00Z;2016-10-07T11:21:00Z
60:E3:AC:E5:67:CC;2016-10-07T19:18:00Z;2016-10-07T19:33:00Z;2016-10-07T19:33:00Z;2016-10-07T19:33:00Z;2016-10-07T19:33:00Z
60:E3:AC:E5:67:D7;2016-10-07T19:22:00Z;2016-10-07T19:35:00Z;2016-10-07T19:35:00Z;2016-10-07T19:35:00Z;2016-10-07T19:35:00Z
60:E7:01:69:3D:9D;2016-10-07T14:41:00Z;2016-10-07T14:41:00Z;2016-10-07T16:13:00Z;2016-10-07T16:13:00Z;2016-10-07T16:13:00Z
60:F1:89:19:F6:DC;2016-10-07T15:08:00Z;2016-10-07T15:42:00Z;2016-10-07T15:48:00Z;2016-10-07T15:59:00Z;2016-10-07T15:59:00Z
60:F1:89:20:CD:A8;2016-10-07T07:25:00Z;2016-10-07T07:52:00Z;2016-10-07T07:52:00Z;2016-10-07T07:52:00Z;2016-10-07T07:52:00Z
60:F1:89:59:5D:9B;2016-10-07T12:33:00Z;2016-10-07T12:33:00Z;2016-10-07T12:44:00Z;2016-10-07T12:44:00Z;2016-10-07T12:44:00Z
60:F8:1D:9C:15:CE;2016-10-07T12:28:00Z;2016-10-07T14:02:00Z;2016-10-07T14:02:00Z;2016-10-07T14:02:00Z;2016-10-07T14:02:00Z
60:F8:1D:B1:8F:E2;2016-10-07T11:49:00Z;2016-10-07T12:30:00Z;2016-10-07T12:30:00Z;2016-10-07T12:30:00Z;2016-10-07T12:30:00Z
60:F8:1D:B1:8F:E2;2016-10-07T16:11:00Z;2016-10-07T16:18:00Z;2016-10-07T16:18:00Z;2016-10-07T16:18:00Z;2016-10-07T16:18:00Z
62:EB:8C:3D:31:09;2016-10-07T08:46:00Z;2016-10-07T08:49:00Z;2016-10-07T08:53:00Z;2016-10-07T08:53:00Z;2016-10-07T08:53:00Z
64:09:80:C1:72:36;2016-10-07T09:41:00Z;2016-10-07T09:46:00Z;2016-10-07T10:20:00Z;2016-10-07T10:20:00Z;2016-10-07T10:20:00Z
64:B4:73:2A:BB:C0;2016-10-07T12:19:00Z;2016-10-07T13:26:00Z;2016-10-07T13:26:00Z;2016-10-07T13:26:00Z;2016-10-07T13:26:00Z
64:B4:73:2A:BB:C0;2016-10-07T15:53:00Z;2016-10-07T17:13:00Z;2016-10-07T17:13:00Z;2016-10-07T17:13:00Z;2016-10-07T17:13:00Z
64:B8:53:CC:11:08;2016-10-07T19:00:00Z;2016-10-07T19:10:00Z;2016-10-07T19:10:00Z;2016-10-07T19:10:00Z;2016-10-07T19:10:00Z
64:BC:0C:47:46:8F;2016-10-07T00:06:00Z;2016-10-07T00:12:00Z;2016-10-07T00:12:00Z;2016-10-07T00:12:00Z;2016-10-07T00:12:00Z
64:BC:0C:47:46:8F;2016-10-07T09:28:00Z;2016-10-07T09:37:00Z;2016-10-07T10:16:00Z;2016-10-07T10:16:00Z;2016-10-07T10:16:00Z
64:BC:0C:47:46:8F;2016-10-07T13:02:00Z;2016-10-07T13:08:00Z;2016-10-07T13:08:00Z;2016-10-07T13:08:00Z;2016-10-07T13:08:00Z
64:BC:0C:4B:0D:12;2016-10-07T15:11:00Z;2016-10-07T16:15:00Z;2016-10-07T16:15:00Z;2016-10-07T16:15:00Z;2016-10-07T16:15:00Z
64:BC:0C:83:36:0C;2016-10-07T11:16:00Z;2016-10-07T11:16:00Z;2016-10-07T11:38:00Z;2016-10-07T11:38:00Z;2016-10-07T11:38:00Z
64:CC:2E:27:00:48;2016-10-07T11:10:00Z;2016-10-07T11:10:00Z;2016-10-07T11:28:00Z;2016-10-07T11:28:00Z;2016-10-07T11:28:00Z
64:CC:2E:47:37:0C;2016-10-07T11:29:00Z;2016-10-07T11:29:00Z;2016-10-07T12:07:00Z;2016-10-07T12:07:00Z;2016-10-07T12:07:00Z
64:CC:2E:47:66:15;2016-10-07T13:33:00Z;2016-10-07T14:33:00Z;2016-10-07T14:33:00Z;2016-10-07T14:33:00Z;2016-10-07T14:33:00Z
64:CC:2E:A8:25:31;2016-10-07T11:17:00Z;2016-10-07T11:49:00Z;2016-10-07T11:49:00Z;2016-10-07T11:49:00Z;2016-10-07T11:49:00Z
64:CC:2E:A8:25:31;2016-10-07T14:41:00Z;2016-10-07T14:41:00Z;2016-10-07T15:39:00Z;2016-10-07T15:39:00Z;2016-10-07T15:39:00Z
64:CC:2E:DC:B4:0C;2016-10-07T10:34:00Z;2016-10-07T11:10:00Z;2016-10-07T11:10:00Z;2016-10-07T11:10:00Z;2016-10-07T11:10:00Z
64:CC:2E:DC:B4:0C;2016-10-07T14:49:00Z;2016-10-07T15:25:00Z;2016-10-07T15:29:00Z;2016-10-07T16:08:00Z;2016-10-07T16:08:00Z
68:05:71:18:72:03;2016-10-07T10:02:00Z;2016-10-07T10:09:00Z;2016-10-07T10:09:00Z;2016-10-07T10:09:00Z;2016-10-07T10:09:00Z
68:3E:34:29:40:16;2016-10-07T11:54:00Z;2016-10-07T11:54:00Z;2016-10-07T12:16:00Z;2016-10-07T12:16:00Z;2016-10-07T12:16:00Z
68:3E:34:39:1A:40;2016-10-07T12:17:00Z;2016-10-07T12:28:00Z;2016-10-07T12:28:00Z;2016-10-07T12:28:00Z;2016-10-07T12:28:00Z
68:3E:34:8E:D4:5E;2016-10-07T15:58:00Z;2016-10-07T16:36:00Z;2016-10-07T16:36:00Z;2016-10-07T16:36:00Z;2016-10-07T16:36:00Z
68:64:4B:5C:73:F6;2016-10-07T14:36:00Z;2016-10-07T14:36:00Z;2016-10-07T15:23:00Z;2016-10-07T15:23:00Z;2016-10-07T15:23:00Z
68:A0:F6:75:53:7A;2016-10-07T09:35:00Z;2016-10-07T10:26:00Z;2016-10-07T10:26:00Z;2016-10-07T10:26:00Z;2016-10-07T10:26:00Z
68:A0:F6:75:5B:30;2016-10-07T11:11:00Z;2016-10-07T11:21:00Z;2016-10-07T11:21:00Z;2016-10-07T11:21:00Z;2016-10-07T11:21:00Z
68:A8:6D:8C:83:23;2016-10-07T08:47:00Z;2016-10-07T09:51:00Z;2016-10-07T09:51:00Z;2016-10-07T09:51:00Z;2016-10-07T09:51:00Z
68:A8:6D:C4:89:46;2016-10-07T10:03:00Z;2016-10-07T10:03:00Z;2016-10-07T10:12:00Z;2016-10-07T10:12:00Z;2016-10-07T10:12:00Z
68:A8:6D:C4:89:46;2016-10-07T14:45:00Z;2016-10-07T14:45:00Z;2016-10-07T15:12:00Z;2016-10-07T15:26:00Z;2016-10-07T15:31:00Z
68:C4:4D:09:43:F1;2016-10-07T09:20:00Z;2016-10-07T09:20:00Z;2016-10-07T11:07:00Z;2016-10-07T11:07:00Z;2016-10-07T11:07:00Z
68:C4:4D:41:E3:7E;2016-10-07T14:13:00Z;2016-10-07T14:13:00Z;2016-10-07T15:51:00Z;2016-10-07T15:51:00Z;2016-10-07T15:51:00Z
68:C4:4D:94:6A:1E;2016-10-07T14:20:00Z;2016-10-07T15:09:00Z;2016-10-07T15:09:00Z;2016-10-07T15:09:00Z;2016-10-07T15:09:00Z
6C:27:79:4B:47:00;2016-10-07T14:06:00Z;2016-10-07T15:16:00Z;2016-10-07T15:16:00Z;2016-10-07T15:16:00Z;2016-10-07T15:16:00Z
6C:C2:6B:AB:07:7A;2016-10-07T19:15:00Z;2016-10-07T19:22:00Z;2016-10-07T19:22:00Z;2016-10-07T19:22:00Z;2016-10-07T19:22:00Z
6C:F3:73:61:D3:9A;2016-10-07T22:02:00Z;2016-10-07T22:19:00Z;2016-10-07T22:19:00Z;2016-10-07T22:19:00Z;2016-10-07T22:19:00Z
70:0B:C0:B7:03:1D;2016-10-07T17:18:00Z;2016-10-07T17:53:00Z;2016-10-07T17:53:00Z;2016-10-07T17:53:00Z;2016-10-07T17:53:00Z
70:11:24:94:48:1A;2016-10-07T10:32:00Z;2016-10-07T10:35:00Z;2016-10-07T11:06:00Z;2016-10-07T11:06:00Z;2016-10-07T11:06:00Z
70:8D:09:34:1C:1C;2016-10-07T09:18:00Z;2016-10-07T09:31:00Z;2016-10-07T09:31:00Z;2016-10-07T09:31:00Z;2016-10-07T09:31:00Z
70:EC:E4:50:65:4E;2016-10-07T16:37:00Z;2016-10-07T16:49:00Z;2016-10-07T16:49:00Z;2016-10-07T16:49:00Z;2016-10-07T16:49:00Z
70:EC:E4:D9:1A:53;2016-10-07T16:12:00Z;2016-10-07T16:52:00Z;2016-10-07T16:52:00Z;2016-10-07T16:52:00Z;2016-10-07T16:52:00Z
74:23:44:5A:CE:78;2016-10-07T09:37:00Z;2016-10-07T11:09:00Z;2016-10-07T11:09:00Z;2016-10-07T11:09:00Z;2016-10-07T11:09:00Z
74:23:44:EA:88:A7;2016-10-07T19:53:00Z;2016-10-07T20:26:00Z;2016-10-07T20:26:00Z;2016-10-07T20:26:00Z;2016-10-07T20:26:00Z
74:29:AF:FF:1F:29;2016-10-07T10:51:00Z;2016-10-07T10:51:00Z;2016-10-07T11:22:00Z;2016-10-07T11:22:00Z;2016-10-07T11:22:00Z
74:A5:28:67:9A:1A;2016-10-07T00:51:00Z;2016-10-07T01:31:00Z;2016-10-07T01:31:00Z;2016-10-07T01:31:00Z;2016-10-07T01:31:00Z
74:A5:28:AB:A2:2F;2016-10-07T15:59:00Z;2016-10-07T16:04:00Z;2016-10-07T16:08:00Z;2016-10-07T16:16:00Z;2016-10-07T16:23:00Z
74:DE:2B:19:E5:C1;2016-10-07T15:26:00Z;2016-10-07T15:46:00Z;2016-10-07T15:46:00Z;2016-10-07T15:46:00Z;2016-10-07T15:46:00Z
74:DF:BF:0A:D0:B1;2016-10-07T13:44:00Z;2016-10-07T13:44:00Z;2016-10-07T15:07:00Z;2016-10-07T15:07:00Z;2016-10-07T15:07:00Z
74:DF:BF:18:0D:6A;2016-10-07T22:13:00Z;2016-10-07T23:52:00Z;2016-10-07T23:52:00Z;2016-10-07T23:52:00Z;2016-10-07T23:52:00Z
74:DF:BF:18:0D:7E;2016-10-07T06:16:00Z;2016-10-07T06:47:00Z;2016-10-07T06:47:00Z;2016-10-07T06:47:00Z;2016-10-07T06:47:00Z
74:DF:BF:18:10:74;2016-10-07T00:00:00Z;2016-10-07T00:20:00Z;2016-10-07T00:20:00Z;2016-10-07T00:20:00Z;2016-10-07T00:20:00Z
74:DF:BF:18:10:74;2016-10-07T14:25:00Z;2016-10-07T15:36:00Z;2016-10-07T15:36:00Z;2016-10-07T15:36:00Z;2016-10-07T15:36:00Z
78:4B:87:85:67:E8;2016-10-07T08:52:00Z;2016-10-07T10:09:00Z;2016-10-07T10:09:00Z;2016-10-07T10:09:00Z;2016-10-07T10:09:00Z
78:92:3E:D5:36:38;2016-10-07T15:09:00Z;2016-10-07T15:28:00Z;2016-10-07T15:28:00Z;2016-10-07T15:28:00Z;2016-10-07T15:28:00Z
78:9F:70:3E:BA:25;2016-10-07T13:22:00Z;2016-10-07T14:02:00Z;2016-10-07T14:02:00Z;2016-10-07T14:02:00Z;2016-10-07T14:02:00Z
78:C3:E9:7C:C5:86;2016-10-07T09:00:00Z;2016-10-07T09:08:00Z;2016-10-07T09:08:00Z;2016-10-07T09:08:00Z;2016-10-07T09:08:00Z
78:C3:E9:7C:C5:86;2016-10-07T11:31:00Z;2016-10-07T11:36:00Z;2016-10-07T11:44:00Z;2016-10-07T11:44:00Z;2016-10-07T11:44:00Z
78:C3:E9:8E:AF:2A;2016-10-07T07:21:00Z;2016-10-07T08:04:00Z;2016-10-07T08:04:00Z;2016-10-07T08:04:00Z;2016-10-07T08:04:00Z
7A:F9:B6:4E:1C:C8;2016-10-07T13:02:00Z;2016-10-07T13:03:00Z;2016-10-07T13:08:00Z;2016-10-07T13:08:00Z;2016-10-07T13:08:00Z
7C:01:91:75:9E:01;2016-10-07T12:39:00Z;2016-10-07T12:41:00Z;2016-10-07T13:31:00Z;2016-10-07T13:31:00Z;2016-10-07T13:31:00Z
7C:01:91:75:9E:01;2016-10-07T16:02:00Z;2016-10-07T16:02:00Z;2016-10-07T16:42:00Z;2016-10-07T16:42:00Z;2016-10-07T16:42:00Z
7C:0B:C6:24:DF:21;2016-10-07T14:07:00Z;2016-10-07T14:12:00Z;2016-10-07T14:41:00Z;2016-10-07T14:41:00Z;2016-10-07T14:41:00Z
7C:7D:3D:70:F4:2E;2016-10-07T11:58:00Z;2016-10-07T12:05:00Z;2016-10-07T12:05:00Z;2016-10-07T12:05:00Z;2016-10-07T12:05:00Z
7C:91:22:3A:40:9C;2016-10-07T12:56:00Z;2016-10-07T14:42:00Z;2016-10-07T14:42:00Z;2016-10-07T14:42:00Z;2016-10-07T14:42:00Z
7C:91:22:B6:D0:6C;2016-10-07T15:56:00Z;2016-10-07T16:55:00Z;2016-10-07T16:55:00Z;2016-10-07T16:55:00Z;2016-10-07T16:55:00Z
7C:C5:37:89:17:57;2016-10-07T21:16:00Z;2016-10-07T21:16:00Z;2016-10-07T22:52:00Z;2016-10-07T22:52:00Z;2016-10-07T22:52:00Z
7C:C5:37:C1:8E:24;2016-10-07T10:11:00Z;2016-10-07T11:36:00Z;2016-10-07T11:36:00Z;2016-10-07T11:36:00Z;2016-10-07T11:36:00Z
7C:DD:90:7F:D3:6B;2016-10-07T16:49:00Z;2016-10-07T16:56:00Z;2016-10-07T16:56:00Z;2016-10-07T16:56:00Z;2016-10-07T16:56:00Z
7C:F9:0E:40:8E:93;2016-10-07T08:52:00Z;2016-10-07T09:37:00Z;2016-10-07T09:48:00Z;2016-10-07T09:48:00Z;2016-10-07T09:48:00Z
7C:F9:0E:CD:13:93;2016-10-07T10:20:00Z;2016-10-07T10:20:00Z;2016-10-07T11:00:00Z;2016-10-07T11:00:00Z;2016-10-07T11:00:00Z
7C:F9:0E:D8:55:9F;2016-10-07T09:52:00Z;2016-10-07T10:00:00Z;2016-10-07T10:00:00Z;2016-10-07T10:00:00Z;2016-10-07T10:00:00Z
7C:F9:0E:DE:31:57;2016-10-07T13:59:00Z;2016-10-07T14:08:00Z;2016-10-07T14:08:00Z;2016-10-07T14:08:00Z;2016-10-07T14:08:00Z
7C:F9:0E:ED:DD:8D;2016-10-07T13:39:00Z;2016-10-07T14:27:00Z;2016-10-07T14:27:00Z;2016-10-07T14:27:00Z;2016-10-07T14:27:00Z
7C:FA:DF:74:37:12;2016-10-07T09:52:00Z;2016-10-07T10:57:00Z;2016-10-07T10:57:00Z;2016-10-07T10:57:00Z;2016-10-07T10:57:00Z
7E:C9:BD:5A:52:A5;2016-10-07T15:55:00Z;2016-10-07T16:02:00Z;2016-10-07T16:02:00Z;2016-10-07T16:02:00Z;2016-10-07T16:02:00Z
7E:E0:36:B6:44:3C;2016-10-07T12:24:00Z;2016-10-07T12:49:00Z;2016-10-07T12:49:00Z;2016-10-07T12:49:00Z;2016-10-07T12:49:00Z
80:4E:81:B1:B6:FD;2016-10-07T14:54:00Z;2016-10-07T15:20:00Z;2016-10-07T15:20:00Z;2016-10-07T15:20:00Z;2016-10-07T15:20:00Z
80:65:6D:C2:D3:E3;2016-10-07T07:43:00Z;2016-10-07T09:11:00Z;2016-10-07T09:11:00Z;2016-10-07T09:11:00Z;2016-10-07T09:11:00Z
80:6A:B0:14:5D:A0;2016-10-07T10:46:00Z;2016-10-07T12:43:00Z;2016-10-07T12:43:00Z;2016-10-07T12:43:00Z;2016-10-07T12:43:00Z
80:6C:1B:D8:22:A5;2016-10-07T18:23:00Z;2016-10-07T19:59:00Z;2016-10-07T19:59:00Z;2016-10-07T19:59:00Z;2016-10-07T19:59:00Z
80:C5:E6:53:7C:AC;2016-10-07T08:40:00Z;2016-10-07T09:00:00Z;2016-10-07T09:00:00Z;2016-10-07T09:00:00Z;2016-10-07T09:00:00Z
80:C5:E6:53:7C:AC;2016-10-07T14:06:00Z;2016-10-07T15:09:00Z;2016-10-07T15:09:00Z;2016-10-07T15:09:00Z;2016-10-07T15:09:00Z
82:0F:7F:9A:F2:06;2016-10-07T15:11:00Z;2016-10-07T15:12:00Z;2016-10-07T15:23:00Z;2016-10-07T15:23:00Z;2016-10-07T15:23:00Z
84:2E:27:20:13:C2;2016-10-07T09:08:00Z;2016-10-07T11:03:00Z;2016-10-07T11:03:00Z;2016-10-07T11:03:00Z;2016-10-07T11:03:00Z
84:2E:27:EC:7A:1D;2016-10-07T10:31:00Z;2016-10-07T10:59:00Z;2016-10-07T10:59:00Z;2016-10-07T10:59:00Z;2016-10-07T10:59:00Z
84:38:38:29:E3:AE;2016-10-07T10:17:00Z;2016-10-07T10:17:00Z;2016-10-07T12:16:00Z;2016-10-07T12:16:00Z;2016-10-07T12:16:00Z
84:38:38:42:B2:BC;2016-10-07T08:08:00Z;2016-10-07T09:01:00Z;2016-10-07T09:01:00Z;2016-10-07T09:01:00Z;2016-10-07T09:01:00Z
84:38:38:42:B2:BC;2016-10-07T14:03:00Z;2016-10-07T14:42:00Z;2016-10-07T14:42:00Z;2016-10-07T14:42:00Z;2016-10-07T14:42:00Z
84:38:38:69:9D:BE;2016-10-07T23:14:00Z;2016-10-07T23:56:00Z;2016-10-07T23:56:00Z;2016-10-07T23:56:00Z;2016-10-07T23:56:00Z
84:38:38:EC:D6:BA;2016-10-07T09:18:00Z;2016-10-07T10:44:00Z;2016-10-07T10:44:00Z;2016-10-07T10:44:00Z;2016-10-07T10:44:00Z
84:38:38:EC:D6:BA;2016-10-07T13:10:00Z;2016-10-07T14:47:00Z;2016-10-07T14:47:00Z;2016-10-07T14:47:00Z;2016-10-07T14:47:00Z
84:55:A5:72:C1:AB;2016-10-07T09:32:00Z;2016-10-07T10:01:00Z;2016-10-07T10:01:00Z;2016-10-07T10:01:00Z;2016-10-07T10:01:00Z
84:55:A5:72:C1:AB;2016-10-07T13:31:00Z;2016-10-07T13:37:00Z;2016-10-07T13:37:00Z;2016-10-07T13:37:00Z;2016-10-07T13:37:00Z
84:7A:88:71:E8:40;2016-10-07T06:26:00Z;2016-10-07T06:46:00Z;2016-10-07T06:46:00Z;2016-10-07T06:46:00Z;2016-10-07T06:46:00Z
84:7A:88:84:F7:BB;2016-10-07T08:38:00Z;2016-10-07T09:33:00Z;2016-10-07T09:33:00Z;2016-10-07T09:33:00Z;2016-10-07T09:33:00Z
84:7A:88:84:F7:BB;2016-10-07T11:37:00Z;2016-10-07T13:09:00Z;2016-10-07T13:09:00Z;2016-10-07T13:09:00Z;2016-10-07T13:09:00Z
84:8E:DF:29:89:95;2016-10-07T23:42:00Z;2016-10-07T23:50:00Z;2016-10-07T23:50:00Z;2016-10-07T23:50:00Z;2016-10-07T23:50:00Z
84:DB:AC:BC:D6:11;2016-10-07T12:19:00Z;2016-10-07T12:27:00Z;2016-10-07T12:27:00Z;2016-10-07T12:27:00Z;2016-10-07T12:27:00Z
84:DB:AC:DF:76:DE;2016-10-07T10:11:00Z;2016-10-07T10:23:00Z;2016-10-07T10:23:00Z;2016-10-07T10:23:00Z;2016-10-07T10:23:00Z
84:DB:AC:FB:EB:D2;2016-10-07T02:06:00Z;2016-10-07T02:15:00Z;2016-10-07T02:15:00Z;2016-10-07T02:15:00Z;2016-10-07T02:15:00Z
86:14:B6:BA:9A:4F;2016-10-07T16:51:00Z;2016-10-07T17:02:00Z;2016-10-07T17:02:00Z;2016-10-07T17:02:00Z;2016-10-07T17:02:00Z
86:C3:A3:33:59:94;2016-10-07T16:47:00Z;2016-10-07T16:53:00Z;2016-10-07T16:53:00Z;2016-10-07T16:53:00Z;2016-10-07T16:53:00Z
88:07:4B:AF:71:26;2016-10-07T20:41:00Z;2016-10-07T21:45:00Z;2016-10-07T21:45:00Z;2016-10-07T21:45:00Z;2016-10-07T21:45:00Z
88:32:9B:B4:B4:02;2016-10-07T10:34:00Z;2016-10-07T11:21:00Z;2016-10-07T11:21:00Z;2016-10-07T11:21:00Z;2016-10-07T11:21:00Z
88:70:8C:94:8A:4B;2016-10-07T12:46:00Z;2016-10-07T12:46:00Z;2016-10-07T13:59:00Z;2016-10-07T13:59:00Z;2016-10-07T13:59:00Z
88:9F:FA:1B:B7:C7;2016-10-07T14:50:00Z;2016-10-07T15:01:00Z;2016-10-07T15:01:00Z;2016-10-07T15:01:00Z;2016-10-07T15:01:00Z
88:AD:D2:05:9D:89;2016-10-07T20:46:00Z;2016-10-07T20:52:00Z;2016-10-07T20:52:00Z;2016-10-07T20:52:00Z;2016-10-07T20:52:00Z
88:CB:87:08:9F:C2;2016-10-07T11:47:00Z;2016-10-07T11:48:00Z;2016-10-07T12:03:00Z;2016-10-07T12:03:00Z;2016-10-07T12:03:00Z
8C:1A:BF:12:0F:03;2016-10-07T13:10:00Z;2016-10-07T13:17:00Z;2016-10-07T13:22:00Z;2016-10-07T13:27:00Z;2016-10-07T13:27:00Z
8C:1A:BF:12:0F:03;2016-10-07T17:01:00Z;2016-10-07T18:38:00Z;2016-10-07T18:38:00Z;2016-10-07T18:38:00Z;2016-10-07T18:38:00Z
8C:1A:BF:2B:07:5B;2016-10-07T18:29:00Z;2016-10-07T19:31:00Z;2016-10-07T19:31:00Z;2016-10-07T19:31:00Z;2016-10-07T19:31:00Z
8C:34:FD:3C:8B:0E;2016-10-07T08:48:00Z;2016-10-07T10:23:00Z;2016-10-07T10:23:00Z;2016-10-07T10:23:00Z;2016-10-07T10:23:00Z
8C:34:FD:3C:8B:0E;2016-10-07T13:44:00Z;2016-10-07T15:03:00Z;2016-10-07T15:03:00Z;2016-10-07T15:03:00Z;2016-10-07T15:03:00Z
8C:79:67:6C:23:6B;2016-10-07T14:53:00Z;2016-10-07T16:21:00Z;2016-10-07T16:21:00Z;2016-10-07T16:21:00Z;2016-10-07T16:21:00Z
8C:79:67:90:55:AA;2016-10-07T09:37:00Z;2016-10-07T09:43:00Z;2016-10-07T09:43:00Z;2016-10-07T09:43:00Z;2016-10-07T09:43:00Z
8C:79:67:92:DA:22;2016-10-07T14:44:00Z;2016-10-07T14:44:00Z;2016-10-07T14:48:00Z;2016-10-07T15:12:00Z;2016-10-07T15:28:00Z
8C:99:E6:BB:63:47;2016-10-07T11:13:00Z;2016-10-07T11:37:00Z;2016-10-07T11:37:00Z;2016-10-07T11:37:00Z;2016-10-07T11:37:00Z
8C:BF:A6:D8:75:90;2016-10-07T10:28:00Z;2016-10-07T10:28:00Z;2016-10-07T11:00:00Z;2016-10-07T11:00:00Z;2016-10-07T11:00:00Z
8C:BF:A6:DB:26:50;2016-10-07T21:42:00Z;2016-10-07T23:15:00Z;2016-10-07T23:15:00Z;2016-10-07T23:15:00Z;2016-10-07T23:15:00Z
8C:BF:A6:EC:9B:3E;2016-10-07T15:14:00Z;2016-10-07T15:20:00Z;2016-10-07T15:20:00Z;2016-10-07T15:20:00Z;2016-10-07T15:20:00Z
8E:CA:E6:55:DC:BE;2016-10-07T16:32:00Z;2016-10-07T16:38:00Z;2016-10-07T16:38:00Z;2016-10-07T16:38:00Z;2016-10-07T16:38:00Z
90:18:7C:2F:CA:F8;2016-10-07T11:51:00Z;2016-10-07T11:52:00Z;2016-10-07T12:16:00Z;2016-10-07T12:16:00Z;2016-10-07T12:16:00Z
90:18:7C:EC:35:1F;2016-10-07T14:14:00Z;2016-10-07T16:09:00Z;2016-10-07T16:09:00Z;2016-10-07T16:09:00Z;2016-10-07T16:09:00Z
90:68:C3:F4:34:77;2016-10-07T14:30:00Z;2016-10-07T14:43:00Z;2016-10-07T14:43:00Z;2016-10-07T14:43:00Z;2016-10-07T14:43:00Z
90:B6:86:5F:8C:55;2016-10-07T09:31:00Z;2016-10-07T10:24:00Z;2016-10-07T10:24:00Z;2016-10-07T10:24:00Z;2016-10-07T10:24:00Z
94:65:9C:69:B9:DC;2016-10-07T11:17:00Z;2016-10-07T11:17:00Z;2016-10-07T12:10:00Z;2016-10-07T12:10:00Z;2016-10-07T12:10:00Z
94:65:9C:69:BA:CC;2016-10-07T11:18:00Z;2016-10-07T11:18:00Z;2016-10-07T12:00:00Z;2016-10-07T12:00:00Z;2016-10-07T12:00:00Z
94:65:9C:6A:21:B5;2016-10-07T11:15:00Z;2016-10-07T11:17:00Z;2016-10-07T12:03:00Z;2016-10-07T12:03:00Z;2016-10-07T12:03:00Z
94:94:26:D2:0D:82;2016-10-07T21:44:00Z;2016-10-07T21:44:00Z;2016-10-07T22:10:00Z;2016-10-07T22:10:00Z;2016-10-07T22:10:00Z
94:D7:71:37:0B:AC;2016-10-07T07:56:00Z;2016-10-07T08:02:00Z;2016-10-07T08:33:00Z;2016-10-07T09:26:00Z;2016-10-07T09:26:00Z
94:D8:59:2F:29:AB;2016-10-07T19:06:00Z;2016-10-07T19:32:00Z;2016-10-07T19:32:00Z;2016-10-07T19:32:00Z;2016-10-07T19:32:00Z
94:D8:59:B5:4E:ED;2016-10-07T19:42:00Z;2016-10-07T20:57:00Z;2016-10-07T20:57:00Z;2016-10-07T20:57:00Z;2016-10-07T20:57:00Z
94:FE:22:24:BE:F7;2016-10-07T04:33:00Z;2016-10-07T05:29:00Z;2016-10-07T05:29:00Z;2016-10-07T05:29:00Z;2016-10-07T05:29:00Z
96:71:8C:36:42:C6;2016-10-07T08:38:00Z;2016-10-07T08:38:00Z;2016-10-07T08:43:00Z;2016-10-07T08:46:00Z;2016-10-07T08:46:00Z
96:A9:03:AA:1A:2E;2016-10-07T11:59:00Z;2016-10-07T12:11:00Z;2016-10-07T12:11:00Z;2016-10-07T12:11:00Z;2016-10-07T12:11:00Z
98:03:D8:AD:DA:18;2016-10-07T12:35:00Z;2016-10-07T12:35:00Z;2016-10-07T12:59:00Z;2016-10-07T12:59:00Z;2016-10-07T12:59:00Z
98:D6:F7:91:19:E7;2016-10-07T12:18:00Z;2016-10-07T12:36:00Z;2016-10-07T12:36:00Z;2016-10-07T12:36:00Z;2016-10-07T12:36:00Z
98:E7:F5:74:BD:D0;2016-10-07T11:46:00Z;2016-10-07T11:52:00Z;2016-10-07T12:28:00Z;2016-10-07T12:28:00Z;2016-10-07T12:28:00Z
98:E7:F5:7A:05:C0;2016-10-07T09:40:00Z;2016-10-07T09:59:00Z;2016-10-07T09:59:00Z;2016-10-07T09:59:00Z;2016-10-07T09:59:00Z
98:F1:70:30:5F:84;2016-10-07T16:55:00Z;2016-10-07T17:27:00Z;2016-10-07T17:27:00Z;2016-10-07T17:27:00Z;2016-10-07T17:27:00Z
98:FE:94:9E:80:F1;2016-10-07T12:56:00Z;2016-10-07T13:04:00Z;2016-10-07T13:04:00Z;2016-10-07T13:04:00Z;2016-10-07T13:04:00Z
9A:21:9F:5B:02:29;2016-10-07T17:44:00Z;2016-10-07T17:58:00Z;2016-10-07T17:58:00Z;2016-10-07T17:58:00Z;2016-10-07T17:58:00Z
9A:66:25:03:79:A7;2016-10-07T13:31:00Z;2016-10-07T13:31:00Z;2016-10-07T13:44:00Z;2016-10-07T13:44:00Z;2016-10-07T13:44:00Z
9A:8D:D5:44:2E:B8;2016-10-07T11:01:00Z;2016-10-07T11:01:00Z;2016-10-07T11:11:00Z;2016-10-07T11:11:00Z;2016-10-07T11:11:00Z
9A:E3:7E:10:90:A6;2016-10-07T14:46:00Z;2016-10-07T14:46:00Z;2016-10-07T14:53:00Z;2016-10-07T14:53:00Z;2016-10-07T14:53:00Z
9C:5C:F9:6C:C5:87;2016-10-07T15:20:00Z;2016-10-07T15:48:00Z;2016-10-07T15:48:00Z;2016-10-07T15:48:00Z;2016-10-07T15:48:00Z
9C:5C:F9:6F:AF:25;2016-10-07T05:00:00Z;2016-10-07T05:58:00Z;2016-10-07T05:58:00Z;2016-10-07T05:58:00Z;2016-10-07T05:58:00Z
9C:5C:F9:6F:AF:25;2016-10-07T20:23:00Z;2016-10-07T20:35:00Z;2016-10-07T20:35:00Z;2016-10-07T20:35:00Z;2016-10-07T20:35:00Z
9C:7A:5C:A4:8A:70;2016-10-07T11:20:00Z;2016-10-07T11:45:00Z;2016-10-07T11:45:00Z;2016-10-07T11:45:00Z;2016-10-07T11:45:00Z
9C:C1:72:35:52:72;2016-10-07T09:17:00Z;2016-10-07T09:33:00Z;2016-10-07T09:33:00Z;2016-10-07T09:33:00Z;2016-10-07T09:33:00Z
9C:C1:72:56:1A:54;2016-10-07T13:29:00Z;2016-10-07T14:46:00Z;2016-10-07T14:46:00Z;2016-10-07T14:46:00Z;2016-10-07T14:46:00Z
9C:D3:5B:F4:08:E7;2016-10-07T21:44:00Z;2016-10-07T22:12:00Z;2016-10-07T22:12:00Z;2016-10-07T22:12:00Z;2016-10-07T22:12:00Z
9C:D9:17:80:91:2E;2016-10-07T13:53:00Z;2016-10-07T14:19:00Z;2016-10-07T14:19:00Z;2016-10-07T14:19:00Z;2016-10-07T14:19:00Z
9C:FC:01:01:53:7F;2016-10-07T03:48:00Z;2016-10-07T03:55:00Z;2016-10-07T03:55:00Z;2016-10-07T03:55:00Z;2016-10-07T03:55:00Z
9C:FC:01:27:C5:DE;2016-10-07T08:40:00Z;2016-10-07T08:40:00Z;2016-10-07T09:01:00Z;2016-10-07T09:01:00Z;2016-10-07T09:01:00Z
9E:5F:F5:61:E2:48;2016-10-07T15:18:00Z;2016-10-07T15:20:00Z;2016-10-07T15:26:00Z;2016-10-07T15:26:00Z;2016-10-07T15:26:00Z
9E:99:17:04:9D:C4;2016-10-07T15:30:00Z;2016-10-07T15:30:00Z;2016-10-07T15:36:00Z;2016-10-07T15:41:00Z;2016-10-07T15:41:00Z
A0:39:F7:45:00:01;2016-10-07T13:49:00Z;2016-10-07T14:05:00Z;2016-10-07T14:05:00Z;2016-10-07T14:05:00Z;2016-10-07T14:05:00Z
A0:4E:04:F0:27:8F;2016-10-07T19:21:00Z;2016-10-07T20:32:00Z;2016-10-07T20:32:00Z;2016-10-07T20:32:00Z;2016-10-07T20:32:00Z
A0:82:1F:BC:F8:6A;2016-10-07T17:31:00Z;2016-10-07T18:11:00Z;2016-10-07T18:11:00Z;2016-10-07T18:11:00Z;2016-10-07T18:11:00Z
A0:B4:A5:5E:31:39;2016-10-07T07:27:00Z;2016-10-07T07:39:00Z;2016-10-07T07:39:00Z;2016-10-07T07:39:00Z;2016-10-07T07:39:00Z
A0:CB:FD:11:5E:08;2016-10-07T08:22:00Z;2016-10-07T08:59:00Z;2016-10-07T08:59:00Z;2016-10-07T08:59:00Z;2016-10-07T08:59:00Z
A0:E4:53:FE:B0:9A;2016-10-07T08:28:00Z;2016-10-07T08:53:00Z;2016-10-07T08:53:00Z;2016-10-07T08:53:00Z;2016-10-07T08:53:00Z
A2:12:69:40:13:43;2016-10-07T13:20:00Z;2016-10-07T13:27:00Z;2016-10-07T13:27:00Z;2016-10-07T13:27:00Z;2016-10-07T13:27:00Z
A4:C3:61:7B:04:58;2016-10-07T19:23:00Z;2016-10-07T19:23:00Z;2016-10-07T19:29:00Z;2016-10-07T19:29:00Z;2016-10-07T19:29:00Z
A4:C3:61:7C:C0:EA;2016-10-07T09:59:00Z;2016-10-07T10:00:00Z;2016-10-07T10:23:00Z;2016-10-07T10:23:00Z;2016-10-07T10:23:00Z
A4:EB:D3:13:56:0C;2016-10-07T09:36:00Z;2016-10-07T10:37:00Z;2016-10-07T10:37:00Z;2016-10-07T10:37:00Z;2016-10-07T10:37:00Z
A6:4C:D7:F3:B3:64;2016-10-07T17:53:00Z;2016-10-07T17:53:00Z;2016-10-07T18:00:00Z;2016-10-07T18:00:00Z;2016-10-07T18:00:00Z
A8:16:B2:FF:E3:DE;2016-10-07T09:49:00Z;2016-10-07T10:42:00Z;2016-10-07T10:42:00Z;2016-10-07T10:42:00Z;2016-10-07T10:42:00Z
A8:16:B2:FF:E3:DE;2016-10-07T13:44:00Z;2016-10-07T15:24:00Z;2016-10-07T15:24:00Z;2016-10-07T15:24:00Z;2016-10-07T15:24:00Z
A8:26:D9:9F:BB:12;2016-10-07T20:18:00Z;2016-10-07T21:04:00Z;2016-10-07T21:04:00Z;2016-10-07T21:04:00Z;2016-10-07T21:04:00Z
A8:81:95:0C:4A:86;2016-10-07T15:16:00Z;2016-10-07T15:18:00Z;2016-10-07T16:37:00Z;2016-10-07T16:37:00Z;2016-10-07T16:37:00Z
A8:81:95:19:33:5A;2016-10-07T07:13:00Z;2016-10-07T07:27:00Z;2016-10-07T07:27:00Z;2016-10-07T07:27:00Z;2016-10-07T07:27:00Z
A8:88:08:DF:8F:59;2016-10-07T21:51:00Z;2016-10-07T21:58:00Z;2016-10-07T21:58:00Z;2016-10-07T21:58:00Z;2016-10-07T21:58:00Z
A8:9F:BA:7A:75:C3;2016-10-07T15:08:00Z;2016-10-07T15:08:00Z;2016-10-07T15:36:00Z;2016-10-07T15:41:00Z;2016-10-07T16:15:00Z
A8:9F:BA:89:99:E1;2016-10-07T11:05:00Z;2016-10-07T11:05:00Z;2016-10-07T12:01:00Z;2016-10-07T12:01:00Z;2016-10-07T12:01:00Z
A8:9F:BA:C5:37:F4;2016-10-07T09:53:00Z;2016-10-07T09:53:00Z;2016-10-07T10:15:00Z;2016-10-07T10:15:00Z;2016-10-07T10:15:00Z
A8:A6:68:F6:12:09;2016-10-07T07:50:00Z;2016-10-07T07:59:00Z;2016-10-07T07:59:00Z;2016-10-07T07:59:00Z;2016-10-07T07:59:00Z
A8:BB:CF:D6:DD:1F;2016-10-07T09:44:00Z;2016-10-07T11:39:00Z;2016-10-07T11:39:00Z;2016-10-07T11:39:00Z;2016-10-07T11:39:00Z
AC:0D:1B:DD:90:A8;2016-10-07T05:09:00Z;2016-10-07T05:40:00Z;2016-10-07T05:40:00Z;2016-10-07T05:40:00Z;2016-10-07T05:40:00Z
AC:0D:1B:EA:F7:4C;2016-10-07T16:23:00Z;2016-10-07T16:33:00Z;2016-10-07T16:33:00Z;2016-10-07T16:33:00Z;2016-10-07T16:33:00Z
AC:0D:1B:F9:50:B5;2016-10-07T08:28:00Z;2016-10-07T08:38:00Z;2016-10-07T08:38:00Z;2016-10-07T08:38:00Z;2016-10-07T08:38:00Z
AC:5F:3E:01:78:C5;2016-10-07T17:57:00Z;2016-10-07T18:35:00Z;2016-10-07T18:35:00Z;2016-10-07T18:35:00Z;2016-10-07T18:35:00Z
AC:5F:3E:3F:CD:E7;2016-10-07T14:13:00Z;2016-10-07T14:41:00Z;2016-10-07T14:41:00Z;2016-10-07T14:41:00Z;2016-10-07T14:41:00Z
AC:5F:3E:4C:20:89;2016-10-07T14:42:00Z;2016-10-07T14:49:00Z;2016-10-07T14:49:00Z;2016-10-07T14:49:00Z;2016-10-07T14:49:00Z
AC:5F:3E:50:69:70;2016-10-07T15:28:00Z;2016-10-07T15:28:00Z;2016-10-07T15:36:00Z;2016-10-07T15:41:00Z;2016-10-07T16:25:00Z
AC:5F:3E:8D:BD:94;2016-10-07T18:34:00Z;2016-10-07T19:45:00Z;2016-10-07T19:45:00Z;2016-10-07T19:45:00Z;2016-10-07T19:45:00Z
AC:5F:3E:DD:D2:B1;2016-10-07T15:30:00Z;2016-10-07T15:30:00Z;2016-10-07T15:33:00Z;2016-10-07T15:40:00Z;2016-10-07T16:58:00Z
AC:B5:7D:C5:E7:AC;2016-10-07T21:04:00Z;2016-10-07T21:29:00Z;2016-10-07T21:29:00Z;2016-10-07T21:29:00Z;2016-10-07T21:29:00Z
AC:CF:85:39:7D:59;2016-10-07T08:15:00Z;2016-10-07T09:48:00Z;2016-10-07T09:48:00Z;2016-10-07T09:48:00Z;2016-10-07T09:48:00Z
AC:CF:85:9F:BF:F1;2016-10-07T14:42:00Z;2016-10-07T14:48:00Z;2016-10-07T14:48:00Z;2016-10-07T14:48:00Z;2016-10-07T14:48:00Z
AC:E0:10:E1:66:E2;2016-10-07T12:27:00Z;2016-10-07T14:18:00Z;2016-10-07T14:18:00Z;2016-10-07T14:18:00Z;2016-10-07T14:18:00Z
AC:E0:10:E1:66:E2;2016-10-07T16:23:00Z;2016-10-07T17:23:00Z;2016-10-07T17:23:00Z;2016-10-07T17:23:00Z;2016-10-07T17:23:00Z
AC:E0:10:E1:66:E2;2016-10-07T19:23:00Z;2016-10-07T21:00:00Z;2016-10-07T21:00:00Z;2016-10-07T21:00:00Z;2016-10-07T21:00:00Z
AC:E0:10:E1:84:E6;2016-10-07T09:02:00Z;2016-10-07T10:17:00Z;2016-10-07T10:17:00Z;2016-10-07T10:17:00Z;2016-10-07T10:17:00Z
AC:EE:9E:66:E4:86;2016-10-07T10:26:00Z;2016-10-07T10:26:00Z;2016-10-07T11:02:00Z;2016-10-07T11:02:00Z;2016-10-07T11:02:00Z
AE:8B:28:A7:7F:14;2016-10-07T16:20:00Z;2016-10-07T16:21:00Z;2016-10-07T16:26:00Z;2016-10-07T16:26:00Z;2016-10-07T16:26:00Z
B0:47:BF:28:F1:66;2016-10-07T16:58:00Z;2016-10-07T17:04:00Z;2016-10-07T17:04:00Z;2016-10-07T17:04:00Z;2016-10-07T17:04:00Z
B0:DF:3A:EC:AC:19;2016-10-07T00:05:00Z;2016-10-07T00:06:00Z;2016-10-07T00:12:00Z;2016-10-07T00:12:00Z;2016-10-07T00:12:00Z
B0:E2:35:4A:DF:37;2016-10-07T09:30:00Z;2016-10-07T10:29:00Z;2016-10-07T10:29:00Z;2016-10-07T10:29:00Z;2016-10-07T10:29:00Z
B0:E2:35:8D:6D:2C;2016-10-07T14:26:00Z;2016-10-07T14:46:00Z;2016-10-07T14:46:00Z;2016-10-07T14:46:00Z;2016-10-07T14:46:00Z
B0:E2:35:D1:77:6C;2016-10-07T20:16:00Z;2016-10-07T20:37:00Z;2016-10-07T20:37:00Z;2016-10-07T20:37:00Z;2016-10-07T20:37:00Z
B2:42:DE:E5:43:35;2016-10-07T09:45:00Z;2016-10-07T09:54:00Z;2016-10-07T09:54:00Z;2016-10-07T09:54:00Z;2016-10-07T09:54:00Z
B2:C2:91:C5:E7:4B;2016-10-07T14:12:00Z;2016-10-07T14:19:00Z;2016-10-07T14:19:00Z;2016-10-07T14:19:00Z;2016-10-07T14:19:00Z
B2:CF:F8:88:62:96;2016-10-07T10:32:00Z;2016-10-07T10:32:00Z;2016-10-07T10:38:00Z;2016-10-07T10:38:00Z;2016-10-07T10:38:00Z
B4:52:7E:38:1F:8D;2016-10-07T07:56:00Z;2016-10-07T08:58:00Z;2016-10-07T08:58:00Z;2016-10-07T08:58:00Z;2016-10-07T08:58:00Z
B4:52:7E:7A:5E:D5;2016-10-07T10:27:00Z;2016-10-07T10:27:00Z;2016-10-07T11:01:00Z;2016-10-07T11:01:00Z;2016-10-07T11:01:00Z
B4:74:43:1E:74:89;2016-10-07T22:33:00Z;2016-10-07T23:07:00Z;2016-10-07T23:07:00Z;2016-10-07T23:07:00Z;2016-10-07T23:07:00Z
B4:74:43:C7:C8:E3;2016-10-07T13:23:00Z;2016-10-07T13:31:00Z;2016-10-07T13:31:00Z;2016-10-07T13:31:00Z;2016-10-07T13:31:00Z
B4:9D:0B:12:73:38;2016-10-07T16:06:00Z;2016-10-07T17:16:00Z;2016-10-07T17:16:00Z;2016-10-07T17:16:00Z;2016-10-07T17:16:00Z
B4:9D:0B:12:C0:71;2016-10-07T12:17:00Z;2016-10-07T12:41:00Z;2016-10-07T12:41:00Z;2016-10-07T12:41:00Z;2016-10-07T12:41:00Z
B4:9D:0B:13:2B:6C;2016-10-07T18:19:00Z;2016-10-07T19:10:00Z;2016-10-07T19:10:00Z;2016-10-07T19:10:00Z;2016-10-07T19:10:00Z
B4:9D:0B:14:59:AA;2016-10-07T09:22:00Z;2016-10-07T11:01:00Z;2016-10-07T11:01:00Z;2016-10-07T11:01:00Z;2016-10-07T11:01:00Z
B4:9D:0B:14:FA:E7;2016-10-07T19:51:00Z;2016-10-07T21:22:00Z;2016-10-07T21:22:00Z;2016-10-07T21:22:00Z;2016-10-07T21:22:00Z
B4:9D:0B:1D:4E:CC;2016-10-07T09:32:00Z;2016-10-07T09:57:00Z;2016-10-07T09:57:00Z;2016-10-07T09:57:00Z;2016-10-07T09:57:00Z
B4:9D:0B:1F:8F:A3;2016-10-07T08:48:00Z;2016-10-07T09:07:00Z;2016-10-07T09:07:00Z;2016-10-07T09:07:00Z;2016-10-07T09:07:00Z
B4:9D:0B:1F:8F:A3;2016-10-07T11:11:00Z;2016-10-07T11:11:00Z;2016-10-07T11:41:00Z;2016-10-07T11:41:00Z;2016-10-07T11:41:00Z
B4:9D:0B:23:A6:A9;2016-10-07T08:40:00Z;2016-10-07T08:40:00Z;2016-10-07T08:55:00Z;2016-10-07T08:55:00Z;2016-10-07T08:55:00Z
B4:9D:0B:23:A6:A9;2016-10-07T13:18:00Z;2016-10-07T14:03:00Z;2016-10-07T14:03:00Z;2016-10-07T14:03:00Z;2016-10-07T14:03:00Z
B4:9D:0B:23:AA:01;2016-10-07T08:40:00Z;2016-10-07T08:40:00Z;2016-10-07T08:56:00Z;2016-10-07T08:56:00Z;2016-10-07T08:56:00Z
B4:9D:0B:32:38:87;2016-10-07T11:54:00Z;2016-10-07T13:33:00Z;2016-10-07T13:33:00Z;2016-10-07T13:33:00Z;2016-10-07T13:33:00Z
B4:9D:0B:35:47:AA;2016-10-07T10:35:00Z;2016-10-07T11:05:00Z;2016-10-07T11:05:00Z;2016-10-07T11:05:00Z;2016-10-07T11:05:00Z
B4:9D:0B:39:6D:D1;2016-10-07T16:27:00Z;2016-10-07T18:10:00Z;2016-10-07T18:23:00Z;2016-10-07T18:23:00Z;2016-10-07T18:23:00Z
B4:9D:0B:41:4F:A1;2016-10-07T18:04:00Z;2016-10-07T18:31:00Z;2016-10-07T18:31:00Z;2016-10-07T18:31:00Z;2016-10-07T18:31:00Z
B4:9D:0B:45:E6:51;2016-10-07T07:03:00Z;2016-10-07T07:19:00Z;2016-10-07T07:19:00Z;2016-10-07T07:19:00Z;2016-10-07T07:19:00Z
B4:9D:0B:4B:E1:8A;2016-10-07T15:09:00Z;2016-10-07T15:09:00Z;2016-10-07T16:28:00Z;2016-10-07T16:28:00Z;2016-10-07T16:28:00Z
B4:E1:C4:D2:E9:4C;2016-10-07T09:02:00Z;2016-10-07T09:24:00Z;2016-10-07T09:24:00Z;2016-10-07T09:24:00Z;2016-10-07T09:24:00Z
B6:99:41:F5:2A:5C;2016-10-07T15:49:00Z;2016-10-07T15:58:00Z;2016-10-07T15:58:00Z;2016-10-07T15:58:00Z;2016-10-07T15:58:00Z
B8:44:D9:DD:46:75;2016-10-07T20:10:00Z;2016-10-07T20:47:00Z;2016-10-07T20:47:00Z;2016-10-07T20:47:00Z;2016-10-07T20:47:00Z
B8:53:AC:3B:18:F1;2016-10-07T19:02:00Z;2016-10-07T19:11:00Z;2016-10-07T19:11:00Z;2016-10-07T19:11:00Z;2016-10-07T19:11:00Z
B8:53:AC:6D:82:AA;2016-10-07T14:16:00Z;2016-10-07T14:16:00Z;2016-10-07T16:09:00Z;2016-10-07T16:09:00Z;2016-10-07T16:09:00Z
B8:53:AC:6D:82:AA;2016-10-07T19:04:00Z;2016-10-07T19:04:00Z;2016-10-07T19:12:00Z;2016-10-07T19:12:00Z;2016-10-07T19:12:00Z
B8:53:AC:D1:1D:F4;2016-10-07T08:48:00Z;2016-10-07T08:48:00Z;2016-10-07T08:54:00Z;2016-10-07T08:54:00Z;2016-10-07T08:54:00Z
B8:57:D8:44:62:22;2016-10-07T15:25:00Z;2016-10-07T17:24:00Z;2016-10-07T17:24:00Z;2016-10-07T17:24:00Z;2016-10-07T17:24:00Z
B8:57:D8:CC:FB:C3;2016-10-07T09:33:00Z;2016-10-07T09:41:00Z;2016-10-07T09:41:00Z;2016-10-07T09:41:00Z;2016-10-07T09:41:00Z
B8:57:D8:DC:52:7B;2016-10-07T10:10:00Z;2016-10-07T10:57:00Z;2016-10-07T10:57:00Z;2016-10-07T10:57:00Z;2016-10-07T10:57:00Z
B8:5A:73:75:7F:FA;2016-10-07T21:20:00Z;2016-10-07T21:35:00Z;2016-10-07T21:35:00Z;2016-10-07T21:35:00Z;2016-10-07T21:35:00Z
B8:5A:73:B6:A0:D2;2016-10-07T13:15:00Z;2016-10-07T13:44:00Z;2016-10-07T13:44:00Z;2016-10-07T13:44:00Z;2016-10-07T13:44:00Z
B8:6C:E8:8C:45:A3;2016-10-07T12:13:00Z;2016-10-07T13:24:00Z;2016-10-07T13:24:00Z;2016-10-07T13:24:00Z;2016-10-07T13:24:00Z
B8:6C:E8:96:28:43;2016-10-07T08:14:00Z;2016-10-07T08:26:00Z;2016-10-07T08:26:00Z;2016-10-07T08:26:00Z;2016-10-07T08:26:00Z
B8:76:3F:58:2D:CB;2016-10-07T09:01:00Z;2016-10-07T09:22:00Z;2016-10-07T09:22:00Z;2016-10-07T09:22:00Z;2016-10-07T09:22:00Z
B8:78:2E:65:96:31;2016-10-07T06:40:00Z;2016-10-07T06:58:00Z;2016-10-07T06:58:00Z;2016-10-07T06:58:00Z;2016-10-07T06:58:00Z
B8:78:2E:6C:B2:3C;2016-10-07T15:11:00Z;2016-10-07T15:11:00Z;2016-10-07T15:53:00Z;2016-10-07T15:53:00Z;2016-10-07T15:53:00Z
B8:78:2E:6C:F9:E8;2016-10-07T11:02:00Z;2016-10-07T11:02:00Z;2016-10-07T11:31:00Z;2016-10-07T11:31:00Z;2016-10-07T11:31:00Z
B8:86:87:86:65:A9;2016-10-07T08:40:00Z;2016-10-07T08:57:00Z;2016-10-07T08:57:00Z;2016-10-07T08:57:00Z;2016-10-07T08:57:00Z
B8:98:F7:F2:1B:70;2016-10-07T09:06:00Z;2016-10-07T09:52:00Z;2016-10-07T09:52:00Z;2016-10-07T09:52:00Z;2016-10-07T09:52:00Z
B8:BC:1B:1E:A8:98;2016-10-07T12:34:00Z;2016-10-07T12:47:00Z;2016-10-07T12:47:00Z;2016-10-07T12:47:00Z;2016-10-07T12:47:00Z
B8:BC:1B:4C:7C:97;2016-10-07T11:01:00Z;2016-10-07T11:15:00Z;2016-10-07T11:15:00Z;2016-10-07T11:15:00Z;2016-10-07T11:15:00Z
B8:BC:1B:95:43:E9;2016-10-07T13:05:00Z;2016-10-07T14:13:00Z;2016-10-07T14:13:00Z;2016-10-07T14:13:00Z;2016-10-07T14:13:00Z
B8:BC:1B:97:89:ED;2016-10-07T16:02:00Z;2016-10-07T16:46:00Z;2016-10-07T16:46:00Z;2016-10-07T16:46:00Z;2016-10-07T16:46:00Z
B8:BC:1B:C2:D9:0E;2016-10-07T00:06:00Z;2016-10-07T00:59:00Z;2016-10-07T00:59:00Z;2016-10-07T00:59:00Z;2016-10-07T00:59:00Z
BA:DB:5E:1C:B6:45;2016-10-07T16:01:00Z;2016-10-07T16:52:00Z;2016-10-07T16:52:00Z;2016-10-07T16:52:00Z;2016-10-07T16:52:00Z
BC:3B:AF:86:26:30;2016-10-07T00:02:00Z;2016-10-07T00:14:00Z;2016-10-07T00:14:00Z;2016-10-07T00:14:00Z;2016-10-07T00:14:00Z
BC:44:34:0D:29:A4;2016-10-07T11:03:00Z;2016-10-07T11:57:00Z;2016-10-07T11:57:00Z;2016-10-07T11:57:00Z;2016-10-07T11:57:00Z
BC:44:86:EB:9D:A3;2016-10-07T15:04:00Z;2016-10-07T15:04:00Z;2016-10-07T15:28:00Z;2016-10-07T15:28:00Z;2016-10-07T15:28:00Z
BC:6E:64:77:F5:43;2016-10-07T12:14:00Z;2016-10-07T12:59:00Z;2016-10-07T12:59:00Z;2016-10-07T12:59:00Z;2016-10-07T12:59:00Z
BC:6E:64:7B:F5:24;2016-10-07T15:03:00Z;2016-10-07T15:03:00Z;2016-10-07T16:22:00Z;2016-10-07T16:22:00Z;2016-10-07T16:22:00Z
BC:6E:64:E7:0E:8E;2016-10-07T18:58:00Z;2016-10-07T19:10:00Z;2016-10-07T19:10:00Z;2016-10-07T19:10:00Z;2016-10-07T19:10:00Z
BC:75:74:14:CC:E3;2016-10-07T12:23:00Z;2016-10-07T13:47:00Z;2016-10-07T13:47:00Z;2016-10-07T13:47:00Z;2016-10-07T13:47:00Z
BC:75:74:7C:B4:7B;2016-10-07T15:15:00Z;2016-10-07T15:55:00Z;2016-10-07T15:55:00Z;2016-10-07T15:55:00Z;2016-10-07T15:55:00Z
BC:75:74:E4:FC:FD;2016-10-07T10:32:00Z;2016-10-07T10:45:00Z;2016-10-07T10:45:00Z;2016-10-07T10:45:00Z;2016-10-07T10:45:00Z
BC:E6:3F:96:42:7B;2016-10-07T10:13:00Z;2016-10-07T11:18:00Z;2016-10-07T12:00:00Z;2016-10-07T12:00:00Z;2016-10-07T12:00:00Z
BC:E6:3F:A1:F1:8F;2016-10-07T12:21:00Z;2016-10-07T13:54:00Z;2016-10-07T13:54:00Z;2016-10-07T13:54:00Z;2016-10-07T13:54:00Z
C0:11:73:9B:D5:7F;2016-10-07T14:48:00Z;2016-10-07T14:54:00Z;2016-10-07T14:54:00Z;2016-10-07T14:54:00Z;2016-10-07T14:54:00Z
C0:BD:D1:A8:54:35;2016-10-07T16:42:00Z;2016-10-07T18:01:00Z;2016-10-07T18:01:00Z;2016-10-07T18:01:00Z;2016-10-07T18:01:00Z
C0:EE:FB:21:D3:64;2016-10-07T09:56:00Z;2016-10-07T10:23:00Z;2016-10-07T10:23:00Z;2016-10-07T10:23:00Z;2016-10-07T10:23:00Z
C0:EE:FB:34:97:D8;2016-10-07T11:27:00Z;2016-10-07T11:58:00Z;2016-10-07T11:58:00Z;2016-10-07T11:58:00Z;2016-10-07T11:58:00Z
C0:EE:FB:4A:ED:5B;2016-10-07T12:06:00Z;2016-10-07T12:19:00Z;2016-10-07T12:19:00Z;2016-10-07T12:19:00Z;2016-10-07T12:19:00Z
C0:EE:FB:4B:10:13;2016-10-07T08:45:00Z;2016-10-07T09:19:00Z;2016-10-07T09:19:00Z;2016-10-07T09:19:00Z;2016-10-07T09:19:00Z
C0:EE:FB:4B:F0:99;2016-10-07T11:30:00Z;2016-10-07T11:30:00Z;2016-10-07T11:44:00Z;2016-10-07T11:44:00Z;2016-10-07T11:44:00Z
C0:EE:FB:58:1A:2C;2016-10-07T15:57:00Z;2016-10-07T17:09:00Z;2016-10-07T17:09:00Z;2016-10-07T17:09:00Z;2016-10-07T17:09:00Z
C0:EE:FB:58:68:1F;2016-10-07T14:15:00Z;2016-10-07T14:56:00Z;2016-10-07T14:56:00Z;2016-10-07T14:56:00Z;2016-10-07T14:56:00Z
C0:EE:FB:58:95:10;2016-10-07T21:46:00Z;2016-10-07T21:46:00Z;2016-10-07T21:53:00Z;2016-10-07T21:53:00Z;2016-10-07T21:53:00Z
C0:EE:FB:D1:2F:78;2016-10-07T09:32:00Z;2016-10-07T09:32:00Z;2016-10-07T09:46:00Z;2016-10-07T09:46:00Z;2016-10-07T09:46:00Z
C0:EE:FB:D1:2F:78;2016-10-07T14:53:00Z;2016-10-07T14:53:00Z;2016-10-07T15:14:00Z;2016-10-07T15:14:00Z;2016-10-07T15:14:00Z
C0:EE:FB:D2:00:19;2016-10-07T15:06:00Z;2016-10-07T15:41:00Z;2016-10-07T15:41:00Z;2016-10-07T15:41:00Z;2016-10-07T15:41:00Z
C2:13:70:E3:2F:FE;2016-10-07T15:31:00Z;2016-10-07T15:31:00Z;2016-10-07T15:36:00Z;2016-10-07T15:39:00Z;2016-10-07T15:39:00Z
C2:B5:47:8F:7A:2A;2016-10-07T10:39:00Z;2016-10-07T10:39:00Z;2016-10-07T10:52:00Z;2016-10-07T10:52:00Z;2016-10-07T10:52:00Z
C4:07:2F:2F:40:C9;2016-10-07T12:29:00Z;2016-10-07T12:42:00Z;2016-10-07T12:42:00Z;2016-10-07T12:42:00Z;2016-10-07T12:42:00Z
C4:36:6C:17:1C:6B;2016-10-07T08:21:00Z;2016-10-07T08:21:00Z;2016-10-07T08:27:00Z;2016-10-07T08:27:00Z;2016-10-07T08:27:00Z
C4:36:6C:19:1E:D7;2016-10-07T13:11:00Z;2016-10-07T13:11:00Z;2016-10-07T13:23:00Z;2016-10-07T13:23:00Z;2016-10-07T13:23:00Z
C4:36:6C:19:CD:9A;2016-10-07T16:35:00Z;2016-10-07T16:59:00Z;2016-10-07T16:59:00Z;2016-10-07T16:59:00Z;2016-10-07T16:59:00Z
C4:3A:BE:A6:B3:25;2016-10-07T15:59:00Z;2016-10-07T17:33:00Z;2016-10-07T17:33:00Z;2016-10-07T17:33:00Z;2016-10-07T17:33:00Z
C4:43:8F:F1:0E:DE;2016-10-07T12:36:00Z;2016-10-07T12:36:00Z;2016-10-07T12:53:00Z;2016-10-07T12:53:00Z;2016-10-07T12:53:00Z
C4:88:E5:A6:E7:E4;2016-10-07T08:15:00Z;2016-10-07T09:33:00Z;2016-10-07T09:33:00Z;2016-10-07T09:33:00Z;2016-10-07T09:33:00Z
C4:9A:02:22:A5:44;2016-10-07T17:30:00Z;2016-10-07T18:30:00Z;2016-10-07T18:30:00Z;2016-10-07T18:30:00Z;2016-10-07T18:30:00Z
C4:9A:02:47:86:60;2016-10-07T08:08:00Z;2016-10-07T08:16:00Z;2016-10-07T08:16:00Z;2016-10-07T08:16:00Z;2016-10-07T08:16:00Z
C4:9A:02:67:E9:81;2016-10-07T14:38:00Z;2016-10-07T15:23:00Z;2016-10-07T15:23:00Z;2016-10-07T15:23:00Z;2016-10-07T15:23:00Z
C8:38:70:36:DE:C6;2016-10-07T14:12:00Z;2016-10-07T14:28:00Z;2016-10-07T14:28:00Z;2016-10-07T14:28:00Z;2016-10-07T14:28:00Z
C8:38:70:3B:42:9C;2016-10-07T08:02:00Z;2016-10-07T08:12:00Z;2016-10-07T08:12:00Z;2016-10-07T08:12:00Z;2016-10-07T08:12:00Z
C8:38:70:67:36:C7;2016-10-07T10:21:00Z;2016-10-07T10:32:00Z;2016-10-07T10:32:00Z;2016-10-07T10:32:00Z;2016-10-07T10:32:00Z
C8:38:70:6E:C0:27;2016-10-07T21:08:00Z;2016-10-07T21:59:00Z;2016-10-07T21:59:00Z;2016-10-07T21:59:00Z;2016-10-07T21:59:00Z
C8:38:70:72:6F:41;2016-10-07T09:53:00Z;2016-10-07T11:26:00Z;2016-10-07T11:26:00Z;2016-10-07T11:26:00Z;2016-10-07T11:26:00Z
C8:38:70:72:6F:41;2016-10-07T15:27:00Z;2016-10-07T15:54:00Z;2016-10-07T15:54:00Z;2016-10-07T15:54:00Z;2016-10-07T15:54:00Z
C8:38:70:72:A5:F7;2016-10-07T15:38:00Z;2016-10-07T15:57:00Z;2016-10-07T15:57:00Z;2016-10-07T15:57:00Z;2016-10-07T15:57:00Z
C8:38:70:72:A5:F7;2016-10-07T19:14:00Z;2016-10-07T19:54:00Z;2016-10-07T19:54:00Z;2016-10-07T19:54:00Z;2016-10-07T19:54:00Z
C8:38:70:76:0D:FE;2016-10-07T15:31:00Z;2016-10-07T15:31:00Z;2016-10-07T15:36:00Z;2016-10-07T15:40:00Z;2016-10-07T16:56:00Z
C8:38:70:A3:F0:87;2016-10-07T09:34:00Z;2016-10-07T09:51:00Z;2016-10-07T09:51:00Z;2016-10-07T09:51:00Z;2016-10-07T09:51:00Z
C8:38:70:A5:8E:D2;2016-10-07T09:38:00Z;2016-10-07T09:57:00Z;2016-10-07T09:57:00Z;2016-10-07T09:57:00Z;2016-10-07T09:57:00Z
C8:38:70:A7:5C:7A;2016-10-07T11:59:00Z;2016-10-07T11:59:00Z;2016-10-07T12:19:00Z;2016-10-07T12:19:00Z;2016-10-07T12:19:00Z
C8:D7:79:33:45:61;2016-10-07T14:36:00Z;2016-10-07T15:42:00Z;2016-10-07T15:42:00Z;2016-10-07T15:42:00Z;2016-10-07T15:42:00Z
C8:FF:28:80:D0:5C;2016-10-07T14:46:00Z;2016-10-07T15:36:00Z;2016-10-07T15:36:00Z;2016-10-07T15:36:00Z;2016-10-07T15:36:00Z
CA:38:E1:D9:75:DF;2016-10-07T13:45:00Z;2016-10-07T13:45:00Z;2016-10-07T13:54:00Z;2016-10-07T13:54:00Z;2016-10-07T13:54:00Z
CC:07:AB:61:45:2D;2016-10-07T11:59:00Z;2016-10-07T12:59:00Z;2016-10-07T12:59:00Z;2016-10-07T12:59:00Z;2016-10-07T12:59:00Z
CC:07:AB:7E:61:3C;2016-10-07T14:42:00Z;2016-10-07T14:42:00Z;2016-10-07T15:22:00Z;2016-10-07T15:22:00Z;2016-10-07T15:22:00Z
CC:08:E0:30:E1:7B;2016-10-07T11:54:00Z;2016-10-07T12:24:00Z;2016-10-07T12:24:00Z;2016-10-07T12:24:00Z;2016-10-07T12:24:00Z
CC:3A:61:70:DD:DA;2016-10-07T08:25:00Z;2016-10-07T08:59:00Z;2016-10-07T08:59:00Z;2016-10-07T08:59:00Z;2016-10-07T08:59:00Z
CC:3A:61:9D:E0:99;2016-10-07T16:55:00Z;2016-10-07T17:54:00Z;2016-10-07T17:54:00Z;2016-10-07T17:54:00Z;2016-10-07T17:54:00Z
CC:52:AF:5B:5F:E9;2016-10-07T08:57:00Z;2016-10-07T09:19:00Z;2016-10-07T09:19:00Z;2016-10-07T09:19:00Z;2016-10-07T09:19:00Z
CC:C3:EA:11:EE:06;2016-10-07T08:19:00Z;2016-10-07T09:45:00Z;2016-10-07T09:45:00Z;2016-10-07T09:45:00Z;2016-10-07T09:45:00Z
CC:C3:EA:11:EE:06;2016-10-07T12:26:00Z;2016-10-07T13:42:00Z;2016-10-07T13:42:00Z;2016-10-07T13:42:00Z;2016-10-07T13:42:00Z
CC:FA:00:AB:78:1C;2016-10-07T11:53:00Z;2016-10-07T12:12:00Z;2016-10-07T12:12:00Z;2016-10-07T12:12:00Z;2016-10-07T12:12:00Z
CC:FA:00:B9:25:49;2016-10-07T08:42:00Z;2016-10-07T08:44:00Z;2016-10-07T08:57:00Z;2016-10-07T09:55:00Z;2016-10-07T10:04:00Z
CE:11:4F:9C:B3:8C;2016-10-07T07:34:00Z;2016-10-07T07:34:00Z;2016-10-07T07:38:00Z;2016-10-07T07:51:00Z;2016-10-07T07:51:00Z
CE:FF:48:D7:DF:01;2016-10-07T09:12:00Z;2016-10-07T09:24:00Z;2016-10-07T09:24:00Z;2016-10-07T09:24:00Z;2016-10-07T09:24:00Z
D0:13:FD:15:0B:21;2016-10-07T00:05:00Z;2016-10-07T00:19:00Z;2016-10-07T00:19:00Z;2016-10-07T00:19:00Z;2016-10-07T00:19:00Z
D0:22:BE:26:9D:E0;2016-10-07T02:56:00Z;2016-10-07T03:54:00Z;2016-10-07T03:54:00Z;2016-10-07T03:54:00Z;2016-10-07T03:54:00Z
D0:22:BE:3B:88:17;2016-10-07T08:46:00Z;2016-10-07T10:31:00Z;2016-10-07T10:31:00Z;2016-10-07T10:31:00Z;2016-10-07T10:31:00Z
D0:22:BE:B6:D6:0E;2016-10-07T08:09:00Z;2016-10-07T08:49:00Z;2016-10-07T08:49:00Z;2016-10-07T08:49:00Z;2016-10-07T08:49:00Z
D0:22:BE:EC:FB:3B;2016-10-07T07:49:00Z;2016-10-07T08:19:00Z;2016-10-07T08:19:00Z;2016-10-07T08:19:00Z;2016-10-07T08:19:00Z
D0:22:BE:F3:BA:78;2016-10-07T02:45:00Z;2016-10-07T03:21:00Z;2016-10-07T03:21:00Z;2016-10-07T03:21:00Z;2016-10-07T03:21:00Z
D0:51:62:79:2C:FC;2016-10-07T09:01:00Z;2016-10-07T09:09:00Z;2016-10-07T09:09:00Z;2016-10-07T09:09:00Z;2016-10-07T09:09:00Z
D0:51:62:A4:E3:1C;2016-10-07T11:32:00Z;2016-10-07T12:46:00Z;2016-10-07T12:46:00Z;2016-10-07T12:46:00Z;2016-10-07T12:46:00Z
D0:59:E4:82:B9:57;2016-10-07T11:04:00Z;2016-10-07T11:04:00Z;2016-10-07T11:27:00Z;2016-10-07T11:27:00Z;2016-10-07T11:27:00Z
D0:5B:A8:67:21:DF;2016-10-07T09:11:00Z;2016-10-07T10:34:00Z;2016-10-07T10:34:00Z;2016-10-07T10:34:00Z;2016-10-07T10:34:00Z
D0:5B:A8:CA:CB:DA;2016-10-07T09:52:00Z;2016-10-07T09:58:00Z;2016-10-07T09:58:00Z;2016-10-07T09:58:00Z;2016-10-07T09:58:00Z
D0:5B:A8:D8:13:42;2016-10-07T09:38:00Z;2016-10-07T09:38:00Z;2016-10-07T09:53:00Z;2016-10-07T09:58:00Z;2016-10-07T09:58:00Z
D0:7E:35:BC:F2:B9;2016-10-07T15:07:00Z;2016-10-07T15:14:00Z;2016-10-07T15:14:00Z;2016-10-07T15:14:00Z;2016-10-07T15:14:00Z
D0:87:E2:13:96:24;2016-10-07T22:19:00Z;2016-10-07T22:48:00Z;2016-10-07T22:48:00Z;2016-10-07T22:48:00Z;2016-10-07T22:48:00Z
D0:87:E2:16:AC:8A;2016-10-07T09:19:00Z;2016-10-07T11:16:00Z;2016-10-07T11:16:00Z;2016-10-07T11:16:00Z;2016-10-07T11:16:00Z
D0:87:E2:73:D4:29;2016-10-07T11:54:00Z;2016-10-07T12:12:00Z;2016-10-07T12:12:00Z;2016-10-07T12:12:00Z;2016-10-07T12:12:00Z
D0:87:E2:AE:1C:81;2016-10-07T14:45:00Z;2016-10-07T15:51:00Z;2016-10-07T15:51:00Z;2016-10-07T15:51:00Z;2016-10-07T15:51:00Z
D2:24:25:3E:1A:F4;2016-10-07T11:51:00Z;2016-10-07T11:51:00Z;2016-10-07T12:00:00Z;2016-10-07T12:00:00Z;2016-10-07T12:00:00Z
D2:BE:EB:DE:26:B5;2016-10-07T10:12:00Z;2016-10-07T10:23:00Z;2016-10-07T10:23:00Z;2016-10-07T10:23:00Z;2016-10-07T10:23:00Z
D4:40:F0:1D:EC:28;2016-10-07T09:11:00Z;2016-10-07T09:38:00Z;2016-10-07T09:38:00Z;2016-10-07T09:38:00Z;2016-10-07T09:38:00Z
D4:40:F0:A8:61:EA;2016-10-07T14:17:00Z;2016-10-07T14:17:00Z;2016-10-07T15:36:00Z;2016-10-07T15:40:00Z;2016-10-07T15:40:00Z
D4:61:2E:29:04:30;2016-10-07T18:27:00Z;2016-10-07T20:00:00Z;2016-10-07T20:00:00Z;2016-10-07T20:00:00Z;2016-10-07T20:00:00Z
D4:61:2E:69:CE:81;2016-10-07T17:28:00Z;2016-10-07T18:10:00Z;2016-10-07T18:10:00Z;2016-10-07T18:10:00Z;2016-10-07T18:10:00Z
D4:61:2E:C9:B7:B0;2016-10-07T15:00:00Z;2016-10-07T15:00:00Z;2016-10-07T15:54:00Z;2016-10-07T16:03:00Z;2016-10-07T16:30:00Z
D4:8F:33:8B:31:20;2016-10-07T14:03:00Z;2016-10-07T14:23:00Z;2016-10-07T14:23:00Z;2016-10-07T14:23:00Z;2016-10-07T14:23:00Z
D4:A1:48:CC:F0:3D;2016-10-07T12:47:00Z;2016-10-07T12:56:00Z;2016-10-07T12:56:00Z;2016-10-07T12:56:00Z;2016-10-07T12:56:00Z
D4:F4:6F:F0:74:D9;2016-10-07T14:32:00Z;2016-10-07T14:32:00Z;2016-10-07T16:07:00Z;2016-10-07T16:07:00Z;2016-10-07T16:07:00Z
D8:55:A3:FB:01:FE;2016-10-07T08:53:00Z;2016-10-07T09:52:00Z;2016-10-07T09:52:00Z;2016-10-07T09:52:00Z;2016-10-07T09:52:00Z
D8:5B:2A:94:38:A7;2016-10-07T20:31:00Z;2016-10-07T20:31:00Z;2016-10-07T20:49:00Z;2016-10-07T20:49:00Z;2016-10-07T20:49:00Z
D8:9A:34:09:3B:15;2016-10-07T06:57:00Z;2016-10-07T06:57:00Z;2016-10-07T07:14:00Z;2016-10-07T07:14:00Z;2016-10-07T07:14:00Z
D8:CF:9C:72:24:0F;2016-10-07T17:02:00Z;2016-10-07T17:29:00Z;2016-10-07T17:29:00Z;2016-10-07T17:29:00Z;2016-10-07T17:29:00Z
DA:A1:19:35:B2:F6;2016-10-07T09:30:00Z;2016-10-07T09:42:00Z;2016-10-07T09:42:00Z;2016-10-07T09:42:00Z;2016-10-07T09:42:00Z
DA:A1:19:46:C3:07;2016-10-07T10:05:00Z;2016-10-07T10:15:00Z;2016-10-07T10:15:00Z;2016-10-07T10:15:00Z;2016-10-07T10:15:00Z
DA:A1:19:55:6B:F0;2016-10-07T09:37:00Z;2016-10-07T09:44:00Z;2016-10-07T09:44:00Z;2016-10-07T09:44:00Z;2016-10-07T09:44:00Z
DA:A1:19:63:35:1E;2016-10-07T15:37:00Z;2016-10-07T16:40:00Z;2016-10-07T16:40:00Z;2016-10-07T16:40:00Z;2016-10-07T16:40:00Z
DA:A1:19:64:F5:45;2016-10-07T16:24:00Z;2016-10-07T17:41:00Z;2016-10-07T17:41:00Z;2016-10-07T17:41:00Z;2016-10-07T17:41:00Z
DA:A1:19:72:4C:D7;2016-10-07T11:24:00Z;2016-10-07T11:39:00Z;2016-10-07T11:39:00Z;2016-10-07T11:39:00Z;2016-10-07T11:39:00Z
DA:A1:19:9B:18:5C;2016-10-07T09:33:00Z;2016-10-07T10:09:00Z;2016-10-07T10:09:00Z;2016-10-07T10:09:00Z;2016-10-07T10:09:00Z
DA:A1:19:B2:2F:73;2016-10-07T09:55:00Z;2016-10-07T10:16:00Z;2016-10-07T10:16:00Z;2016-10-07T10:16:00Z;2016-10-07T10:16:00Z
DA:A1:19:FE:32:97;2016-10-07T15:21:00Z;2016-10-07T15:36:00Z;2016-10-07T15:36:00Z;2016-10-07T15:36:00Z;2016-10-07T15:36:00Z
DC:09:4C:4A:38:09;2016-10-07T04:35:00Z;2016-10-07T05:52:00Z;2016-10-07T05:52:00Z;2016-10-07T05:52:00Z;2016-10-07T05:52:00Z
DC:0B:34:F2:94:34;2016-10-07T15:06:00Z;2016-10-07T15:17:00Z;2016-10-07T15:17:00Z;2016-10-07T15:17:00Z;2016-10-07T15:17:00Z
DC:41:5F:4D:1E:4E;2016-10-07T11:49:00Z;2016-10-07T13:36:00Z;2016-10-07T13:36:00Z;2016-10-07T13:36:00Z;2016-10-07T13:36:00Z
DC:41:5F:4D:1E:4E;2016-10-07T16:09:00Z;2016-10-07T17:05:00Z;2016-10-07T17:05:00Z;2016-10-07T17:05:00Z;2016-10-07T17:05:00Z
DC:D9:16:49:74:49;2016-10-07T07:59:00Z;2016-10-07T08:59:00Z;2016-10-07T08:59:00Z;2016-10-07T08:59:00Z;2016-10-07T08:59:00Z
DC:D9:16:D5:CF:B0;2016-10-07T11:09:00Z;2016-10-07T11:09:00Z;2016-10-07T11:37:00Z;2016-10-07T11:37:00Z;2016-10-07T11:37:00Z
DC:EE:06:1B:BB:A4;2016-10-07T18:33:00Z;2016-10-07T18:41:00Z;2016-10-07T18:41:00Z;2016-10-07T18:41:00Z;2016-10-07T18:41:00Z
DC:EE:06:96:49:C3;2016-10-07T22:12:00Z;2016-10-07T22:22:00Z;2016-10-07T22:22:00Z;2016-10-07T22:22:00Z;2016-10-07T22:22:00Z
DC:EE:06:E1:B3:8C;2016-10-07T14:50:00Z;2016-10-07T16:44:00Z;2016-10-07T16:44:00Z;2016-10-07T16:44:00Z;2016-10-07T16:44:00Z
DE:41:3E:BE:D6:01;2016-10-07T14:54:00Z;2016-10-07T14:55:00Z;2016-10-07T15:06:00Z;2016-10-07T15:06:00Z;2016-10-07T15:06:00Z
DE:A7:E4:DD:85:0D;2016-10-07T15:45:00Z;2016-10-07T15:54:00Z;2016-10-07T15:54:00Z;2016-10-07T15:54:00Z;2016-10-07T15:54:00Z
DE:E0:E3:E5:54:CD;2016-10-07T16:01:00Z;2016-10-07T16:03:00Z;2016-10-07T16:07:00Z;2016-10-07T16:07:00Z;2016-10-07T16:07:00Z
DE:F3:8A:88:CB:9A;2016-10-07T09:42:00Z;2016-10-07T09:48:00Z;2016-10-07T09:48:00Z;2016-10-07T09:48:00Z;2016-10-07T09:48:00Z
E0:98:61:7D:8F:B7;2016-10-07T11:31:00Z;2016-10-07T11:31:00Z;2016-10-07T11:37:00Z;2016-10-07T11:37:00Z;2016-10-07T11:37:00Z
E0:A3:AC:02:15:52;2016-10-07T21:08:00Z;2016-10-07T21:08:00Z;2016-10-07T22:13:00Z;2016-10-07T22:13:00Z;2016-10-07T22:13:00Z
E0:A3:AC:8C:DE:F7;2016-10-07T05:14:00Z;2016-10-07T06:45:00Z;2016-10-07T06:45:00Z;2016-10-07T06:45:00Z;2016-10-07T06:45:00Z
E0:A3:AC:8C:DE:F7;2016-10-07T10:17:00Z;2016-10-07T10:28:00Z;2016-10-07T10:28:00Z;2016-10-07T10:28:00Z;2016-10-07T10:28:00Z
E0:A3:AC:D4:D8:B1;2016-10-07T19:27:00Z;2016-10-07T19:56:00Z;2016-10-07T19:56:00Z;2016-10-07T19:56:00Z;2016-10-07T19:56:00Z
E0:C7:67:40:EA:2B;2016-10-07T10:38:00Z;2016-10-07T11:33:00Z;2016-10-07T11:33:00Z;2016-10-07T11:33:00Z;2016-10-07T11:33:00Z
E0:DB:10:0C:26:0F;2016-10-07T15:01:00Z;2016-10-07T15:07:00Z;2016-10-07T15:07:00Z;2016-10-07T15:07:00Z;2016-10-07T15:07:00Z
E0:DB:10:ED:E8:25;2016-10-07T10:39:00Z;2016-10-07T10:39:00Z;2016-10-07T10:58:00Z;2016-10-07T10:58:00Z;2016-10-07T10:58:00Z
E4:58:B8:8F:2A:D8;2016-10-07T11:21:00Z;2016-10-07T11:28:00Z;2016-10-07T11:28:00Z;2016-10-07T11:28:00Z;2016-10-07T11:28:00Z
E4:90:7E:16:4D:43;2016-10-07T09:10:00Z;2016-10-07T10:18:00Z;2016-10-07T10:18:00Z;2016-10-07T10:18:00Z;2016-10-07T10:18:00Z
E4:F8:9C:E5:22:DE;2016-10-07T13:26:00Z;2016-10-07T15:07:00Z;2016-10-07T15:07:00Z;2016-10-07T15:07:00Z;2016-10-07T15:07:00Z
E4:F8:EF:68:1E:8D;2016-10-07T14:21:00Z;2016-10-07T14:21:00Z;2016-10-07T14:46:00Z;2016-10-07T14:46:00Z;2016-10-07T14:46:00Z
E8:3A:12:33:FE:49;2016-10-07T18:53:00Z;2016-10-07T19:01:00Z;2016-10-07T19:01:00Z;2016-10-07T19:01:00Z;2016-10-07T19:01:00Z
E8:3A:12:DC:51:D8;2016-10-07T14:09:00Z;2016-10-07T14:09:00Z;2016-10-07T14:55:00Z;2016-10-07T14:55:00Z;2016-10-07T14:55:00Z
E8:50:8B:1C:30:B0;2016-10-07T03:48:00Z;2016-10-07T04:19:00Z;2016-10-07T04:19:00Z;2016-10-07T04:19:00Z;2016-10-07T04:19:00Z
E8:50:8B:22:98:D8;2016-10-07T08:55:00Z;2016-10-07T09:13:00Z;2016-10-07T09:13:00Z;2016-10-07T09:13:00Z;2016-10-07T09:13:00Z
E8:50:8B:56:36:13;2016-10-07T10:55:00Z;2016-10-07T10:55:00Z;2016-10-07T11:14:00Z;2016-10-07T11:14:00Z;2016-10-07T11:14:00Z
E8:50:8B:86:CC:EC;2016-10-07T13:19:00Z;2016-10-07T13:19:00Z;2016-10-07T13:30:00Z;2016-10-07T13:30:00Z;2016-10-07T13:30:00Z
E8:50:8B:86:CC:EC;2016-10-07T16:28:00Z;2016-10-07T16:58:00Z;2016-10-07T16:58:00Z;2016-10-07T16:58:00Z;2016-10-07T16:58:00Z
E8:50:8B:88:4B:64;2016-10-07T03:53:00Z;2016-10-07T05:37:00Z;2016-10-07T05:37:00Z;2016-10-07T05:37:00Z;2016-10-07T05:37:00Z
E8:50:8B:DB:9F:73;2016-10-07T23:08:00Z;2016-10-07T23:16:00Z;2016-10-07T23:16:00Z;2016-10-07T23:16:00Z;2016-10-07T23:16:00Z
E8:50:8B:F4:C6:B9;2016-10-07T10:28:00Z;2016-10-07T10:28:00Z;2016-10-07T12:01:00Z;2016-10-07T12:01:00Z;2016-10-07T12:01:00Z
E8:8D:28:25:20:F4;2016-10-07T14:08:00Z;2016-10-07T14:08:00Z;2016-10-07T15:36:00Z;2016-10-07T15:40:00Z;2016-10-07T15:40:00Z
E8:B4:C8:C4:46:9D;2016-10-07T09:21:00Z;2016-10-07T09:35:00Z;2016-10-07T09:35:00Z;2016-10-07T09:35:00Z;2016-10-07T09:35:00Z
E8:B4:C8:C4:46:9D;2016-10-07T11:48:00Z;2016-10-07T12:06:00Z;2016-10-07T12:28:00Z;2016-10-07T12:28:00Z;2016-10-07T12:28:00Z
EA:22:FC:03:A0:D1;2016-10-07T15:37:00Z;2016-10-07T15:43:00Z;2016-10-07T15:43:00Z;2016-10-07T15:43:00Z;2016-10-07T15:43:00Z
EA:47:B7:E6:59:5D;2016-10-07T12:48:00Z;2016-10-07T12:48:00Z;2016-10-07T12:58:00Z;2016-10-07T12:58:00Z;2016-10-07T12:58:00Z
EC:1D:7F:AF:63:7A;2016-10-07T08:24:00Z;2016-10-07T10:11:00Z;2016-10-07T10:11:00Z;2016-10-07T10:11:00Z;2016-10-07T10:11:00Z
EC:1F:72:53:CC:32;2016-10-07T09:43:00Z;2016-10-07T09:52:00Z;2016-10-07T09:52:00Z;2016-10-07T09:52:00Z;2016-10-07T09:52:00Z
EC:1F:72:5F:6F:66;2016-10-07T06:47:00Z;2016-10-07T07:12:00Z;2016-10-07T07:12:00Z;2016-10-07T07:12:00Z;2016-10-07T07:12:00Z
EC:1F:72:94:16:FF;2016-10-07T11:52:00Z;2016-10-07T12:03:00Z;2016-10-07T12:03:00Z;2016-10-07T12:03:00Z;2016-10-07T12:03:00Z
EC:1F:72:97:CA:45;2016-10-07T15:09:00Z;2016-10-07T15:09:00Z;2016-10-07T15:58:00Z;2016-10-07T15:58:00Z;2016-10-07T15:58:00Z
EC:1F:72:D5:AF:4C;2016-10-07T15:10:00Z;2016-10-07T15:12:00Z;2016-10-07T15:51:00Z;2016-10-07T15:51:00Z;2016-10-07T15:51:00Z
EC:1F:72:E7:6B:54;2016-10-07T06:49:00Z;2016-10-07T06:58:00Z;2016-10-07T06:58:00Z;2016-10-07T06:58:00Z;2016-10-07T06:58:00Z
EC:35:86:06:5B:B4;2016-10-07T09:12:00Z;2016-10-07T10:44:00Z;2016-10-07T10:44:00Z;2016-10-07T10:44:00Z;2016-10-07T10:44:00Z
EC:35:86:06:5B:B4;2016-10-07T15:05:00Z;2016-10-07T15:12:00Z;2016-10-07T15:12:00Z;2016-10-07T15:12:00Z;2016-10-07T15:12:00Z
EC:85:2F:1D:7F:57;2016-10-07T12:30:00Z;2016-10-07T13:39:00Z;2016-10-07T13:39:00Z;2016-10-07T13:39:00Z;2016-10-07T13:39:00Z
EC:85:2F:1D:7F:57;2016-10-07T19:51:00Z;2016-10-07T19:51:00Z;2016-10-07T20:41:00Z;2016-10-07T20:41:00Z;2016-10-07T20:41:00Z
EC:9B:F3:1A:9F:FD;2016-10-07T15:50:00Z;2016-10-07T16:24:00Z;2016-10-07T16:24:00Z;2016-10-07T16:24:00Z;2016-10-07T16:24:00Z
EC:9B:F3:43:DE:DD;2016-10-07T19:56:00Z;2016-10-07T21:07:00Z;2016-10-07T21:07:00Z;2016-10-07T21:07:00Z;2016-10-07T21:07:00Z
EC:9B:F3:5B:00:86;2016-10-07T09:15:00Z;2016-10-07T09:29:00Z;2016-10-07T09:29:00Z;2016-10-07T09:29:00Z;2016-10-07T09:29:00Z
EC:9B:F3:A8:7E:D9;2016-10-07T13:33:00Z;2016-10-07T13:33:00Z;2016-10-07T14:09:00Z;2016-10-07T14:09:00Z;2016-10-07T14:09:00Z
EC:9B:F3:B0:7C:B1;2016-10-07T08:09:00Z;2016-10-07T09:25:00Z;2016-10-07T09:25:00Z;2016-10-07T09:25:00Z;2016-10-07T09:25:00Z
EC:9B:F3:C9:82:CF;2016-10-07T14:52:00Z;2016-10-07T14:52:00Z;2016-10-07T15:29:00Z;2016-10-07T15:29:00Z;2016-10-07T15:29:00Z
EC:9B:F3:CE:87:6F;2016-10-07T10:16:00Z;2016-10-07T10:17:00Z;2016-10-07T12:15:00Z;2016-10-07T12:15:00Z;2016-10-07T12:15:00Z
EC:CB:30:36:69:5B;2016-10-07T14:12:00Z;2016-10-07T14:12:00Z;2016-10-07T15:38:00Z;2016-10-07T15:38:00Z;2016-10-07T15:38:00Z
EE:4A:5B:11:18:95;2016-10-07T15:22:00Z;2016-10-07T16:19:00Z;2016-10-07T16:19:00Z;2016-10-07T16:19:00Z;2016-10-07T16:19:00Z
EE:C7:5B:64:90:1D;2016-10-07T19:32:00Z;2016-10-07T19:42:00Z;2016-10-07T19:42:00Z;2016-10-07T19:42:00Z;2016-10-07T19:42:00Z
F0:25:B7:15:B1:5A;2016-10-07T12:20:00Z;2016-10-07T12:25:00Z;2016-10-07T13:08:00Z;2016-10-07T13:13:00Z;2016-10-07T13:13:00Z
F0:25:B7:31:70:78;2016-10-07T10:31:00Z;2016-10-07T11:38:00Z;2016-10-07T11:38:00Z;2016-10-07T11:38:00Z;2016-10-07T11:38:00Z
F0:25:B7:31:70:78;2016-10-07T15:10:00Z;2016-10-07T15:20:00Z;2016-10-07T15:20:00Z;2016-10-07T15:20:00Z;2016-10-07T15:20:00Z
F0:25:B7:4E:3B:1E;2016-10-07T14:53:00Z;2016-10-07T14:53:00Z;2016-10-07T15:21:00Z;2016-10-07T15:21:00Z;2016-10-07T15:21:00Z
F0:25:B7:CE:C0:71;2016-10-07T14:04:00Z;2016-10-07T15:09:00Z;2016-10-07T15:09:00Z;2016-10-07T15:09:00Z;2016-10-07T15:09:00Z
F0:27:65:49:9B:0C;2016-10-07T15:58:00Z;2016-10-07T16:11:00Z;2016-10-07T16:11:00Z;2016-10-07T16:11:00Z;2016-10-07T16:11:00Z
F0:27:65:5F:93:3E;2016-10-07T20:29:00Z;2016-10-07T22:11:00Z;2016-10-07T22:11:00Z;2016-10-07T22:11:00Z;2016-10-07T22:11:00Z
F0:27:65:85:A6:DA;2016-10-07T11:01:00Z;2016-10-07T11:57:00Z;2016-10-07T11:57:00Z;2016-10-07T11:57:00Z;2016-10-07T11:57:00Z
F0:27:65:89:35:9E;2016-10-07T07:58:00Z;2016-10-07T08:57:00Z;2016-10-07T08:57:00Z;2016-10-07T08:57:00Z;2016-10-07T08:57:00Z
F0:27:65:EF:65:A9;2016-10-07T14:12:00Z;2016-10-07T16:05:00Z;2016-10-07T16:05:00Z;2016-10-07T16:05:00Z;2016-10-07T16:05:00Z
F0:CB:A1:D3:13:44;2016-10-07T19:15:00Z;2016-10-07T19:40:00Z;2016-10-07T19:40:00Z;2016-10-07T19:40:00Z;2016-10-07T19:40:00Z
F0:D1:A9:2D:48:18;2016-10-07T19:19:00Z;2016-10-07T19:38:00Z;2016-10-07T19:38:00Z;2016-10-07T19:38:00Z;2016-10-07T19:38:00Z
F0:DB:F8:72:7B:54;2016-10-07T14:37:00Z;2016-10-07T14:54:00Z;2016-10-07T14:54:00Z;2016-10-07T14:54:00Z;2016-10-07T14:54:00Z
F2:D5:04:8F:43:D1;2016-10-07T14:03:00Z;2016-10-07T14:14:00Z;2016-10-07T14:14:00Z;2016-10-07T14:14:00Z;2016-10-07T14:14:00Z
F4:09:D8:C2:2E:9F;2016-10-07T17:45:00Z;2016-10-07T17:45:00Z;2016-10-07T17:59:00Z;2016-10-07T17:59:00Z;2016-10-07T17:59:00Z
F4:42:8F:82:4B:DB;2016-10-07T11:42:00Z;2016-10-07T13:02:00Z;2016-10-07T13:02:00Z;2016-10-07T13:02:00Z;2016-10-07T13:02:00Z
F4:5C:89:94:D1:17;2016-10-07T18:31:00Z;2016-10-07T18:47:00Z;2016-10-07T19:13:00Z;2016-10-07T19:13:00Z;2016-10-07T19:13:00Z
F4:8E:92:19:9F:A6;2016-10-07T07:12:00Z;2016-10-07T08:18:00Z;2016-10-07T08:18:00Z;2016-10-07T08:18:00Z;2016-10-07T08:18:00Z
F4:CB:52:18:3D:78;2016-10-07T14:17:00Z;2016-10-07T15:47:00Z;2016-10-07T15:47:00Z;2016-10-07T15:47:00Z;2016-10-07T15:47:00Z
F4:CB:52:45:C0:8C;2016-10-07T08:53:00Z;2016-10-07T08:59:00Z;2016-10-07T08:59:00Z;2016-10-07T08:59:00Z;2016-10-07T08:59:00Z
F4:E3:FB:0C:B0:D2;2016-10-07T12:08:00Z;2016-10-07T12:22:00Z;2016-10-07T12:22:00Z;2016-10-07T12:22:00Z;2016-10-07T12:22:00Z
F4:E3:FB:FF:BE:B1;2016-10-07T14:57:00Z;2016-10-07T14:57:00Z;2016-10-07T15:36:00Z;2016-10-07T16:05:00Z;2016-10-07T16:32:00Z
F4:F1:5A:85:BD:99;2016-10-07T10:31:00Z;2016-10-07T10:31:00Z;2016-10-07T11:07:00Z;2016-10-07T11:07:00Z;2016-10-07T11:07:00Z
F4:F1:5A:E5:1F:A7;2016-10-07T15:28:00Z;2016-10-07T15:41:00Z;2016-10-07T16:24:00Z;2016-10-07T16:24:00Z;2016-10-07T16:24:00Z
F4:F1:E1:5F:FB:C1;2016-10-07T09:20:00Z;2016-10-07T10:41:00Z;2016-10-07T10:41:00Z;2016-10-07T10:41:00Z;2016-10-07T10:41:00Z
F4:F1:E1:5F:FB:C1;2016-10-07T13:21:00Z;2016-10-07T13:21:00Z;2016-10-07T13:36:00Z;2016-10-07T13:36:00Z;2016-10-07T13:36:00Z
F6:75:6F:EA:4E:0A;2016-10-07T13:21:00Z;2016-10-07T13:21:00Z;2016-10-07T13:34:00Z;2016-10-07T13:34:00Z;2016-10-07T13:34:00Z
F8:23:B2:2C:D4:E2;2016-10-07T10:30:00Z;2016-10-07T10:30:00Z;2016-10-07T12:00:00Z;2016-10-07T12:00:00Z;2016-10-07T12:00:00Z
F8:23:B2:B4:4B:3F;2016-10-07T15:40:00Z;2016-10-07T16:31:00Z;2016-10-07T16:31:00Z;2016-10-07T16:31:00Z;2016-10-07T16:31:00Z
F8:23:B2:E8:41:CC;2016-10-07T09:11:00Z;2016-10-07T09:26:00Z;2016-10-07T09:26:00Z;2016-10-07T09:26:00Z;2016-10-07T09:26:00Z
F8:23:B2:E8:4C:CF;2016-10-07T12:57:00Z;2016-10-07T13:07:00Z;2016-10-07T13:07:00Z;2016-10-07T13:07:00Z;2016-10-07T13:07:00Z
F8:84:F2:B0:2F:5F;2016-10-07T11:22:00Z;2016-10-07T11:22:00Z;2016-10-07T11:28:00Z;2016-10-07T11:28:00Z;2016-10-07T11:28:00Z
F8:A9:D0:44:C0:0C;2016-10-07T09:26:00Z;2016-10-07T09:37:00Z;2016-10-07T09:43:00Z;2016-10-07T09:52:00Z;2016-10-07T10:17:00Z
FA:8E:85:18:7C:59;2016-10-07T19:46:00Z;2016-10-07T19:46:00Z;2016-10-07T21:36:00Z;2016-10-07T21:36:00Z;2016-10-07T21:36:00Z
FA:8E:85:1F:D9:88;2016-10-07T00:06:00Z;2016-10-07T00:19:00Z;2016-10-07T00:19:00Z;2016-10-07T00:19:00Z;2016-10-07T00:19:00Z
FA:8E:85:1F:D9:88;2016-10-07T03:17:00Z;2016-10-07T04:29:00Z;2016-10-07T04:29:00Z;2016-10-07T04:29:00Z;2016-10-07T04:29:00Z
FA:8E:85:1F:D9:88;2016-10-07T07:43:00Z;2016-10-07T09:37:00Z;2016-10-07T09:37:00Z;2016-10-07T09:37:00Z;2016-10-07T09:37:00Z
FA:DE:64:36:E4:B9;2016-10-07T16:09:00Z;2016-10-07T16:09:00Z;2016-10-07T16:15:00Z;2016-10-07T16:15:00Z;2016-10-07T16:15:00Z
FC:3F:7C:A6:66:16;2016-10-07T09:51:00Z;2016-10-07T10:05:00Z;2016-10-07T10:05:00Z;2016-10-07T10:05:00Z;2016-10-07T10:05:00Z
FC:3F:7C:A6:69:20;2016-10-07T07:08:00Z;2016-10-07T07:08:00Z;2016-10-07T07:24:00Z;2016-10-07T07:24:00Z;2016-10-07T07:24:00Z
FC:DB:B3:5C:51:E4;2016-10-07T14:07:00Z;2016-10-07T15:09:00Z;2016-10-07T15:09:00Z;2016-10-07T15:09:00Z;2016-10-07T15:09:00Z
FC:DB:B3:5F:EE:1C;2016-10-07T14:54:00Z;2016-10-07T15:05:00Z;2016-10-07T15:05:00Z;2016-10-07T15:05:00Z;2016-10-07T15:05:00Z
FE:39:02:B6:8A:AE;2016-10-07T15:25:00Z;2016-10-07T15:25:00Z;2016-10-07T15:32:00Z;2016-10-07T15:32:00Z;2016-10-07T15:32:00Z
